東洋経済コード,負債比率,年版
1301,338.56,2017
1332,380.23,2017
1333,602.77,2017
1375,0,2017
1376,160.05,2017
1377,12.68,2017
1379,49.77,2017
1380,184.97,2017
1381,33.73,2017
1382,28.93,2017
1383,166.3,2017
1384,53.78,2017
1514,62.04,2017
1515,72.56,2017
1605,42.27,2017
1662,23.1,2017
1663,1.36,2017
1401,75.13,2017
1407,134.39,2017
1414,0.04,2017
1417,39.86,2017
1418,146.51,2017
1419,495.42,2017
1420,243.1,2017
1429,89.04,2017
1430,464.38,2017
1431,62.68,2017
1432,0,2017
1433,57.14,2017
1434,183.11,2017
1436,84.52,2017
1438,50.95,2017
1443,0,2017
1444,34.74,2017
1445,0,2017
1446,151.48,2017
1447,0,2017
1449,238.53,2017
144A,0,2017
1450,0,2017
1452,0,2017
1711,673.53,2017
1712,47.92,2017
1716,24.21,2017
1718,106.84,2017
1719,299.84,2017
1720,321.51,2017
1721,98.35,2017
1723,69.14,2017
1724,628.19,2017
1726,95.68,2017
1736,85.55,2017
1738,80.98,2017
1743,61.23,2017
1758,44.53,2017
1762,3.49,2017
1764,268.95,2017
1766,173.45,2017
1768,117,2017
1770,106.24,2017
1771,51.51,2017
1776,211.48,2017
1777,187.97,2017
1780,60.92,2017
1786,74.55,2017
1787,47.2,2017
1788,45.23,2017
1793,59.46,2017
1795,114.15,2017
1798,198.12,2017
1799,24.99,2017
1801,223.68,2017
1802,239.8,2017
1803,256.27,2017
1807,177.52,2017
1808,180.93,2017
1810,142.64,2017
1811,151.98,2017
1812,365.24,2017
1813,106.63,2017
1814,322.03,2017
1815,300.36,2017
1820,124.22,2017
1821,697.38,2017
1822,149.13,2017
1826,100.13,2017
1827,269.42,2017
1828,99,2017
1832,71.59,2017
1833,87.56,2017
1835,87.83,2017
1840,7.43,2017
1841,21.84,2017
1844,69.77,2017
1847,250.49,2017
1848,203.4,2017
1850,370.86,2017
1852,374.41,2017
1853,222.31,2017
1860,212.52,2017
1861,375.15,2017
1866,85.89,2017
1867,128.47,2017
1869,112,2017
1870,138.76,2017
1871,200.92,2017
1873,119.78,2017
1879,115.38,2017
1882,145.24,2017
1884,92.27,2017
1885,179.32,2017
1887,104.96,2017
1888,182.62,2017
1890,228.14,2017
1892,379.32,2017
1893,378.58,2017
1897,14.82,2017
1898,161.96,2017
1899,126.33,2017
1904,106.99,2017
1905,62.44,2017
1911,167.9,2017
1914,24.41,2017
1921,115.71,2017
1925,126.64,2017
1926,64.78,2017
1928,89.53,2017
1929,101.5,2017
1930,62.32,2017
1934,85.14,2017
1938,76.75,2017
1939,68.45,2017
1941,19.67,2017
1942,105.34,2017
1944,39.02,2017
1945,59.89,2017
1946,121.56,2017
1948,100.77,2017
1949,93.22,2017
1950,69.67,2017
1951,92.88,2017
1952,147.7,2017
1959,136.23,2017
1960,33.62,2017
1961,102.39,2017
1963,54.48,2017
1964,101.16,2017
1965,67.92,2017
1966,169.66,2017
1967,56.59,2017
1968,42.74,2017
1969,115.04,2017
1972,106.03,2017
1975,172.74,2017
1976,34.02,2017
1979,64.91,2017
1980,124.4,2017
1981,75.23,2017
1982,75.58,2017
1992,94.68,2017
1994,62.4,2017
1997,126.99,2017
1999,145.38,2017
3267,66.96,2017
5070,0,2017
5071,0,2017
5072,0,2017
5074,0,2017
5075,0,2017
5077,0,2017
5078,0,2017
5079,0,2017
6330,587.68,2017
6366,140.04,2017
6379,92.77,2017
2001,68.65,2017
2002,11.13,2017
2003,50.11,2017
2004,112.01,2017
2009,26.59,2017
2053,77.3,2017
2055,63.69,2017
2058,90.36,2017
2060,174.69,2017
2108,49.76,2017
2109,44.26,2017
2112,240.99,2017
2114,25.52,2017
2117,16.44,2017
2201,108.49,2017
2204,70.03,2017
2206,47.19,2017
2207,27.35,2017
2208,71.38,2017
2209,60.84,2017
2211,89.5,2017
2212,91.23,2017
2215,112.69,2017
2216,85.15,2017
2217,64.7,2017
2218,202.31,2017
2220,61.87,2017
2221,37.9,2017
2222,70.75,2017
2224,363.8,2017
2226,13.61,2017
2229,29.85,2017
2264,264.5,2017
2266,58.58,2017
2267,88.31,2017
2268,91.53,2017
2269,52.55,2017
2270,183.48,2017
2281,129.39,2017
2282,152.77,2017
2286,423.64,2017
2288,53.88,2017
2291,174.55,2017
2292,82.32,2017
2293,292.19,2017
2294,37.45,2017
2296,0,2017
2501,152.1,2017
2502,110.03,2017
2503,111.07,2017
2531,51.51,2017
2533,91.84,2017
2540,14.64,2017
2551,352.26,2017
2573,27.87,2017
2579,46.31,2017
2585,0,2017
2586,438.29,2017
2587,87.28,2017
2588,204.02,2017
2590,94.69,2017
2593,109.19,2017
2594,29.67,2017
2597,95.98,2017
2602,82.57,2017
2607,43.83,2017
2612,24.82,2017
2613,95.91,2017
2801,156.09,2017
2802,146.33,2017
2804,23.51,2017
2805,159.61,2017
2806,17.13,2017
2809,59.47,2017
2810,24.52,2017
2811,112.45,2017
2813,54.57,2017
2814,13.89,2017
2815,13.32,2017
2816,81.81,2017
2818,121.3,2017
2819,62.29,2017
2820,143.48,2017
2830,52.73,2017
2831,102.17,2017
2871,99.82,2017
2872,84.86,2017
2875,58.94,2017
2876,131.46,2017
2877,239.24,2017
2882,153.91,2017
2883,48.44,2017
2884,70.48,2017
2892,145.55,2017
2894,97.35,2017
2897,58.82,2017
2901,126.26,2017
2902,22.99,2017
2903,89.78,2017
2904,173.92,2017
2907,84.35,2017
2908,22.27,2017
2910,24,2017
2911,38.12,2017
2914,71.38,2017
2915,109.58,2017
2916,86.93,2017
2917,25.28,2017
2918,84,2017
2919,28.18,2017
2922,73.9,2017
2923,147.77,2017
2924,121.76,2017
2926,31.46,2017
2927,97.15,2017
2929,27.96,2017
2931,9.57,2017
2932,0,2017
2933,0,2017
2934,0,2017
2936,0,2017
2937,0,2017
2938,0,2017
3069,413.37,2017
409A,28.01,2017
4404,116.79,2017
4526,27.59,2017
3001,219.82,2017
3002,34.78,2017
3101,155.15,2017
3103,418.54,2017
3104,53.03,2017
3106,72.8,2017
3109,169.57,2017
3111,254.9,2017
3123,102.26,2017
3201,40.35,2017
3202,335.84,2017
3204,168.62,2017
3205,57.7,2017
3302,30.73,2017
3401,124.83,2017
3402,133.68,2017
3409,180.22,2017
3501,142.53,2017
3504,0.23,2017
3512,39.06,2017
3513,39.89,2017
3524,325.67,2017
3529,18.48,2017
3551,176.3,2017
3569,94.43,2017
3571,15.94,2017
3577,91.61,2017
3580,33.65,2017
3583,104.45,2017
3591,14.6,2017
3593,14.56,2017
3597,17.22,2017
3598,107.73,2017
3600,9.36,2017
3607,58.06,2017
3608,18.81,2017
3611,108.83,2017
3612,1567.66,2017
8011,62.42,2017
8013,56.87,2017
8016,36.02,2017
8029,39.68,2017
8040,55.98,2017
8107,75.5,2017
8111,136.91,2017
8118,16.34,2017
8127,42.3,2017
8143,51.17,2017
3708,88.22,2017
3861,225.78,2017
3863,239.01,2017
3864,396.62,2017
3865,122.38,2017
3877,151.09,2017
3880,340.03,2017
3891,71.86,2017
3892,47.27,2017
3895,101.47,2017
3896,165.72,2017
3941,223.51,2017
3943,48.69,2017
3944,154.91,2017
3945,345.87,2017
3946,135.82,2017
3947,57.88,2017
3948,31.68,2017
3950,54.02,2017
3951,96.97,2017
3953,48.04,2017
3954,80.66,2017
3955,51.02,2017
3958,0,2017
2930,15.43,2017
3405,42,2017
3407,164.98,2017
3553,76.18,2017
3878,226.06,2017
4004,211.67,2017
4005,372.04,2017
4008,85.73,2017
4021,48.93,2017
4022,199.92,2017
4023,87.27,2017
4025,71.18,2017
4027,36.73,2017
4028,192.37,2017
4031,103.02,2017
4040,0,2017
4041,80.18,2017
4042,93.41,2017
4043,1053.2,2017
4044,61.43,2017
4045,48.69,2017
4046,94.85,2017
4047,109.45,2017
4061,122.08,2017
4063,31.97,2017
4064,157.73,2017
4078,41.02,2017
4080,586.72,2017
4082,32.82,2017
4088,98.99,2017
4091,90.34,2017
4092,108.67,2017
4093,159.54,2017
4094,17.04,2017
4095,37.52,2017
4097,52.55,2017
4098,108.01,2017
4099,42.85,2017
4100,125.69,2017
4102,95.87,2017
4107,18.3,2017
4109,94.98,2017
4112,57.8,2017
4113,138.11,2017
4114,34.83,2017
4116,155.78,2017
4118,83.58,2017
4119,111.66,2017
4120,95.13,2017
4124,33.46,2017
4125,0,2017
4182,80.58,2017
4183,237.53,2017
4186,11.71,2017
4187,30.34,2017
4188,278.14,2017
4189,249.03,2017
4202,50.56,2017
4203,61.66,2017
4204,82.61,2017
4205,81.39,2017
4206,27.21,2017
4208,195.02,2017
4212,36.69,2017
4216,30.09,2017
4218,94.17,2017
4220,54.02,2017
4221,131.14,2017
4222,2028.27,2017
4224,71.78,2017
4228,93.63,2017
4229,25.1,2017
4231,37.73,2017
4234,78.01,2017
4235,63.82,2017
4237,98.54,2017
4238,12.74,2017
4240,11.63,2017
4241,136.73,2017
4242,709.27,2017
4243,67.59,2017
4245,214.19,2017
4246,110.09,2017
4247,16.5,2017
4248,163.18,2017
4249,73.91,2017
4250,0,2017
4251,0,2017
4272,40.29,2017
4274,54.93,2017
4275,56.68,2017
4361,268.12,2017
4362,27.21,2017
4365,20.06,2017
4366,57.2,2017
4367,55.01,2017
4368,21.64,2017
4369,77.51,2017
4401,44.51,2017
4403,53.27,2017
4406,140.14,2017
4409,401.68,2017
4410,56.17,2017
4452,78.67,2017
4461,156.94,2017
4462,21.71,2017
4463,217.42,2017
4464,10.29,2017
4465,80.42,2017
4471,39.6,2017
4531,69.03,2017
4611,155.02,2017
4612,17.97,2017
4613,44.6,2017
4615,127.55,2017
4616,299.59,2017
4617,58.99,2017
4619,79.25,2017
4620,39.11,2017
4623,48.2,2017
4624,27.09,2017
4625,60.49,2017
4626,34.36,2017
4627,25.68,2017
4628,23.17,2017
4629,72.6,2017
4631,144.73,2017
4633,69.44,2017
4634,43.27,2017
4635,114.05,2017
4901,32.8,2017
4911,56.41,2017
4912,81.98,2017
4914,120.15,2017
4917,16.45,2017
4918,95.91,2017
4919,16.13,2017
4920,306.32,2017
4922,54.63,2017
4923,29.84,2017
4925,73.5,2017
4926,26.75,2017
4927,97.05,2017
4928,0.83,2017
4929,21.97,2017
4931,0,2017
4932,0,2017
4933,0,2017
4934,0,2017
4935,0,2017
4936,0,2017
4937,0,2017
4951,50.35,2017
4956,64.68,2017
4957,19.79,2017
4958,25.14,2017
4960,251.22,2017
4966,32.08,2017
4967,73.54,2017
4968,63.54,2017
4970,314.81,2017
4971,27.28,2017
4972,42.22,2017
4973,13.33,2017
4974,7.03,2017
4975,42.43,2017
4976,26.27,2017
4977,92.84,2017
4978,2.84,2017
4979,145.77,2017
4980,75.55,2017
4985,71.51,2017
4990,165.19,2017
4992,116.43,2017
4994,70,2017
4995,227.4,2017
4996,58.09,2017
4997,46.61,2017
4998,230.59,2017
5142,82.54,2017
5208,22.5,2017
6776,350.66,2017
6988,40.6,2017
7871,66.76,2017
7874,45.62,2017
7877,26.65,2017
7886,252.38,2017
7888,115.4,2017
7894,169.11,2017
7908,29.21,2017
7917,48.59,2017
7925,19.29,2017
7927,174.37,2017
7928,15.95,2017
7931,18.74,2017
7940,256.75,2017
7942,78.12,2017
7947,152.75,2017
7950,17.28,2017
7970,36.8,2017
7971,165.11,2017
7988,140.37,2017
7995,50.39,2017
8113,57.07,2017
9385,223.74,2017
9845,100.03,2017
130A,0,2017
2160,0.65,2017
4151,14,2017
4502,71.79,2017
4503,100.52,2017
4506,39.17,2017
4507,23.22,2017
4512,31.02,2017
4516,28.62,2017
4519,20.94,2017
4521,43.61,2017
4523,50.34,2017
4524,49.87,2017
4527,35.12,2017
4528,16.25,2017
4530,17.68,2017
4534,23.52,2017
4536,32.81,2017
4538,111.72,2017
4539,208.25,2017
4540,44.25,2017
4547,17.75,2017
4548,13.72,2017
4549,38.84,2017
4552,30.32,2017
4553,112.89,2017
4554,59.39,2017
4556,76.38,2017
4558,162.61,2017
4559,87.63,2017
4563,17.89,2017
4564,4.41,2017
4565,24.14,2017
4568,43.79,2017
4569,2.47,2017
4570,19.92,2017
4571,27.4,2017
4572,46.73,2017
4574,23.23,2017
4575,4.21,2017
4576,0.92,2017
4577,83.01,2017
4578,3.46,2017
4579,6.12,2017
4582,27.57,2017
4583,4.95,2017
4584,337.7,2017
4586,20.17,2017
4587,16.73,2017
4588,20.1,2017
4591,4.74,2017
4592,18.32,2017
4593,53.32,2017
4594,5.74,2017
4595,113.13,2017
4596,0,2017
4597,20.94,2017
4598,0,2017
4599,0,2017
4880,0,2017
4881,0,2017
4882,0,2017
4883,0,2017
4884,0,2017
4885,0,2017
4888,0,2017
4889,0,2017
4890,0,2017
4891,0,2017
4892,0,2017
4893,0,2017
4894,0,2017
4896,0,2017
3315,169.2,2017
5010,153.51,2017
5011,56.68,2017
5013,41.96,2017
5015,28.24,2017
5017,579.39,2017
5018,89.44,2017
5019,441.72,2017
5020,148.21,2017
5021,849.48,2017
5101,141.54,2017
5103,11.71,2017
5105,202.25,2017
5108,31.34,2017
5110,115.25,2017
5121,44.34,2017
5122,75.54,2017
5161,48.99,2017
5162,160.84,2017
5184,88.84,2017
5185,71.76,2017
5186,26.61,2017
5189,136.76,2017
5191,168.59,2017
5192,61.89,2017
5194,89.56,2017
5195,74.62,2017
5199,231.57,2017
3110,92.18,2017
4026,243.34,2017
5201,99.26,2017
5202,141.68,2017
5204,273.47,2017
5210,70.72,2017
5214,36.69,2017
5216,785.93,2017
5218,38.86,2017
5232,80.13,2017
5233,157.02,2017
5237,72.19,2017
5262,64.63,2017
5268,64.71,2017
5269,98.67,2017
5271,496.96,2017
5273,75.1,2017
5279,151.01,2017
5282,86.53,2017
5284,275.11,2017
5285,253.75,2017
5287,27.3,2017
5288,3.58,2017
5290,0,2017
5301,43.98,2017
5302,38.82,2017
5304,14.02,2017
5310,21.8,2017
5331,90.54,2017
5332,99.72,2017
5333,94.91,2017
5334,51.73,2017
5337,11.28,2017
5341,105.62,2017
5342,92.71,2017
5343,2376.32,2017
5344,13.53,2017
5351,95.28,2017
5352,130.82,2017
5355,170.84,2017
5356,103.06,2017
5357,29.1,2017
5363,46.96,2017
5367,37.64,2017
5368,0,2017
5380,121.94,2017
5381,48.85,2017
5384,13.2,2017
5386,57.01,2017
5388,18.5,2017
5391,275.8,2017
5393,87.5,2017
7943,108.27,2017
5401,165.89,2017
5406,187.23,2017
5408,65.47,2017
5410,82.77,2017
5411,136.21,2017
5423,42.67,2017
5440,18.67,2017
5444,21.85,2017
5445,35.85,2017
5446,44.56,2017
5449,24.46,2017
5451,25.56,2017
5458,294.61,2017
5461,15.51,2017
5463,13.81,2017
5464,41.43,2017
5471,130.47,2017
5476,70.03,2017
5480,242.16,2017
5482,67.26,2017
5484,18.14,2017
5491,235.85,2017
5541,9.33,2017
5542,102.86,2017
5563,33.74,2017
5602,110.13,2017
5603,120.96,2017
5607,54.24,2017
5609,81.58,2017
5612,58.51,2017
5632,81.18,2017
5644,103.1,2017
5658,18.51,2017
5659,38.81,2017
5660,122.39,2017
5695,38.9,2017
5697,88.96,2017
5698,16.1,2017
5699,118.85,2017
7305,56.96,2017
1491,11.81,2017
5702,150.54,2017
5703,174.61,2017
5704,36.16,2017
5706,218.99,2017
5707,153.5,2017
5711,166.37,2017
5713,55.73,2017
5714,114.54,2017
5715,200.88,2017
5721,9.19,2017
5724,116.54,2017
5726,162.86,2017
5727,135.32,2017
5729,69.07,2017
5741,234.05,2017
5742,55.21,2017
5753,94.6,2017
5757,9.34,2017
5801,246.4,2017
5802,72.5,2017
5803,219.95,2017
5805,191.29,2017
5816,104.14,2017
5817,48.87,2017
5819,17.51,2017
5820,109.72,2017
5821,51.49,2017
5851,126.56,2017
5852,92.65,2017
5857,53.5,2017
5858,0,2017
2961,0,2017
2962,0,2017
3420,108.18,2017
3421,31.56,2017
3422,0,2017
3423,154.24,2017
3426,16.54,2017
3431,0.14,2017
3433,28.36,2017
3434,96.95,2017
3435,48.32,2017
3436,134.85,2017
3437,89.05,2017
3439,111.94,2017
3440,20.57,2017
3441,62.5,2017
3442,24.45,2017
3443,25.54,2017
3444,38.5,2017
3445,139.75,2017
3446,132.38,2017
3447,134.2,2017
3448,0,2017
3449,0,2017
3450,0,2017
5900,27.46,2017
5901,52.21,2017
5902,156.07,2017
5903,28.3,2017
5905,160.99,2017
5906,102.79,2017
5909,38.21,2017
5911,24.06,2017
5915,94.93,2017
5918,37.05,2017
5921,23.5,2017
5922,111.09,2017
5923,45.97,2017
5928,26.66,2017
5929,65.59,2017
5930,109.3,2017
5932,188.33,2017
5933,88.71,2017
5936,198.52,2017
5938,39.6,2017
5939,133.77,2017
5940,489.3,2017
5941,67.74,2017
5942,86.91,2017
5943,71.7,2017
5945,9.7,2017
5946,6.01,2017
5947,28.31,2017
5950,145.95,2017
5951,13.88,2017
5952,322.08,2017
5953,347.97,2017
5955,19.53,2017
5956,94.77,2017
5957,42.34,2017
5958,79.53,2017
5959,61.07,2017
5965,151.63,2017
5966,43.51,2017
5967,53.34,2017
5969,119.43,2017
5970,74.26,2017
5971,14.98,2017
5973,26.41,2017
5974,138,2017
5975,62.99,2017
5976,24.24,2017
5979,14.85,2017
5981,264.64,2017
5982,56.39,2017
5983,23.03,2017
5984,22.95,2017
5985,21.87,2017
5986,61.09,2017
5987,70.1,2017
5988,20.75,2017
5989,127.51,2017
5990,45.97,2017
5991,104.87,2017
5992,52.22,2017
5994,134.64,2017
5997,92.4,2017
5998,348.96,2017
7985,231.13,2017
7989,39.33,2017
1301,304.17,2018
1332,269.12,2018
1333,485.95,2018
1375,0,2018
1376,141.8,2018
1377,15.46,2018
1379,68.19,2018
1380,178.85,2018
1381,32.62,2018
1382,79.77,2018
1383,173.89,2018
1384,46.88,2018
1514,55.64,2018
1515,60.32,2018
1605,30.52,2018
1662,23.89,2018
1663,7.27,2018
1401,79.95,2018
1407,126.82,2018
1414,0.24,2018
1417,64.24,2018
1418,117.68,2018
1419,493.87,2018
1420,223.05,2018
1429,132.48,2018
1430,182.15,2018
1431,89.4,2018
1432,212.45,2018
1433,93.4,2018
1434,149.9,2018
1436,59.68,2018
1438,35.08,2018
1443,0,2018
1444,34.69,2018
1445,0,2018
1446,134,2018
1447,0,2018
1449,195.74,2018
144A,0,2018
1450,89.7,2018
1452,0,2018
1711,33.88,2018
1712,44.61,2018
1716,22.06,2018
1718,100.8,2018
1719,222.51,2018
1720,225.14,2018
1721,29.67,2018
1723,53.04,2018
1724,406.47,2018
1726,89.26,2018
1736,71.6,2018
1738,72.14,2018
1743,74.77,2018
1758,42.08,2018
1762,3.68,2018
1764,225.74,2018
1766,157.84,2018
1768,97.4,2018
1770,102.24,2018
1771,65.59,2018
1776,177.69,2018
1777,178.68,2018
1780,58.76,2018
1786,74.8,2018
1787,47.23,2018
1788,40.25,2018
1793,56.2,2018
1795,119.15,2018
1798,217.86,2018
1799,21.74,2018
1801,214.39,2018
1802,205.59,2018
1803,197.73,2018
1807,132.07,2018
1808,131.98,2018
1810,109.93,2018
1811,156.02,2018
1812,312.89,2018
1813,96.35,2018
1814,239.91,2018
1815,271.46,2018
1820,128.38,2018
1821,453.12,2018
1822,143,2018
1826,91.63,2018
1827,212.11,2018
1828,91.45,2018
1832,72.31,2018
1833,90.7,2018
1835,80.27,2018
1840,3.59,2018
1841,27.82,2018
1844,89,2018
1847,255.69,2018
1848,192.93,2018
1850,282.17,2018
1852,222.61,2018
1853,186.72,2018
1860,136.33,2018
1861,289.29,2018
1866,88.61,2018
1867,137.92,2018
1869,98.93,2018
1870,135.84,2018
1871,205.02,2018
1873,106.5,2018
1879,82.9,2018
1882,119.96,2018
1884,79.05,2018
1885,191.82,2018
1887,159.45,2018
1888,183.91,2018
1890,221.22,2018
1892,338.71,2018
1893,307.68,2018
1897,18.56,2018
1898,142.61,2018
1899,116.8,2018
1904,88.18,2018
1905,54.2,2018
1911,158.71,2018
1914,27.42,2018
1921,91.22,2018
1925,129.57,2018
1926,62.89,2018
1928,93.86,2018
1929,100.64,2018
1930,54.21,2018
1934,72.4,2018
1938,70.24,2018
1939,61.8,2018
1941,20.18,2018
1942,93.09,2018
1944,37.63,2018
1945,41.38,2018
1946,124.36,2018
1948,105.32,2018
1949,85.29,2018
1950,65.3,2018
1951,80.67,2018
1952,113.57,2018
1959,117.94,2018
1960,28.61,2018
1961,96.56,2018
1963,58.46,2018
1964,85.92,2018
1965,67.82,2018
1966,202.92,2018
1967,52.24,2018
1968,46.91,2018
1969,106.63,2018
1972,92.72,2018
1975,159.24,2018
1976,34.19,2018
1979,62.72,2018
1980,104.13,2018
1981,71.85,2018
1982,64.58,2018
1992,95.6,2018
1994,57.09,2018
1997,115.72,2018
1999,140.76,2018
3267,80.94,2018
5070,0,2018
5071,0,2018
5072,0,2018
5074,0,2018
5075,0,2018
5077,0,2018
5078,0,2018
5079,0,2018
6330,600.07,2018
6366,234.25,2018
6379,84.94,2018
2001,57.07,2018
2002,11.77,2018
2003,44.61,2018
2004,112.83,2018
2009,23.82,2018
2053,61.78,2018
2055,60.06,2018
2058,90.47,2018
2060,136.43,2018
2108,49.47,2018
2109,33.68,2018
2112,215.96,2018
2114,23.96,2018
2117,15.33,2018
2201,96.17,2018
2204,57.91,2018
2206,60.28,2018
2207,43.4,2018
2208,67.09,2018
2209,67.6,2018
2211,54.46,2018
2212,88.35,2018
2215,108.32,2018
2216,81.81,2018
2217,57.19,2018
2218,184.87,2018
2220,58.35,2018
2221,37.43,2018
2222,50.8,2018
2224,295.16,2018
2226,53.38,2018
2229,32.39,2018
2264,237.35,2018
2266,90.71,2018
2267,86.91,2018
2268,93.19,2018
2269,52.33,2018
2270,152.25,2018
2281,120.03,2018
2282,129.96,2018
2286,310.58,2018
2288,54,2018
2291,167.73,2018
2292,87.64,2018
2293,281.89,2018
2294,35.21,2018
2296,0.36,2018
2501,146.72,2018
2502,245.43,2018
2503,81.74,2018
2531,53.26,2018
2533,107.92,2018
2540,14.85,2018
2551,327.8,2018
2573,23.9,2018
2579,17.27,2018
2585,0,2018
2586,1969.09,2018
2587,80.84,2018
2588,292.13,2018
2590,84.5,2018
2593,108.93,2018
2594,35.78,2018
2597,47.46,2018
2602,86.68,2018
2607,43.52,2018
2612,23.92,2018
2613,103.38,2018
2801,152.75,2018
2802,169.97,2018
2804,25.96,2018
2805,149.89,2018
2806,17.85,2018
2809,69.97,2018
2810,20.96,2018
2811,67.41,2018
2813,62.47,2018
2814,11.24,2018
2815,13.6,2018
2816,76.22,2018
2818,84.09,2018
2819,56.83,2018
2820,112.59,2018
2830,53.96,2018
2831,90.82,2018
2871,102.59,2018
2872,82.75,2018
2875,56.71,2018
2876,122.2,2018
2877,208.91,2018
2882,182.39,2018
2883,43.71,2018
2884,106.4,2018
2892,115.81,2018
2894,115.03,2018
2897,64.68,2018
2901,366.67,2018
2902,25.19,2018
2903,92.19,2018
2904,160.39,2018
2907,81.97,2018
2908,20.87,2018
2910,24.3,2018
2911,35.16,2018
2914,81.26,2018
2915,71.79,2018
2916,89.1,2018
2917,27.86,2018
2918,12,2018
2919,25.82,2018
2922,100.01,2018
2923,134.34,2018
2924,125.35,2018
2926,47.55,2018
2927,92.04,2018
2929,59.13,2018
2931,14.83,2018
2932,0,2018
2933,0,2018
2934,0,2018
2936,0,2018
2937,0,2018
2938,0,2018
3069,117.08,2018
409A,22.15,2018
4404,114.24,2018
4526,88.62,2018
3001,200.74,2018
3002,33.58,2018
3101,147.92,2018
3103,315.39,2018
3104,40.26,2018
3106,63.54,2018
3109,166.3,2018
3111,322.36,2018
3123,91.27,2018
3201,38.21,2018
3202,327.72,2018
3204,166.65,2018
3205,98.85,2018
3302,32.09,2018
3401,157,2018
3402,125.22,2018
3409,166.67,2018
3501,145.02,2018
3504,0.21,2018
3512,34.39,2018
3513,36.95,2018
3524,290.13,2018
3529,18.5,2018
3551,168.38,2018
3569,82.11,2018
3571,14.81,2018
3577,79.06,2018
3580,31.6,2018
3583,96.34,2018
3591,13.52,2018
3593,17.54,2018
3597,18.04,2018
3598,95.02,2018
3600,9.54,2018
3607,51.24,2018
3608,16.7,2018
3611,105.77,2018
3612,1237.74,2018
8011,55.88,2018
8013,57.41,2018
8016,20.94,2018
8029,33.5,2018
8040,53.68,2018
8107,78.35,2018
8111,127.2,2018
8118,17.33,2018
8127,34.38,2018
8143,72.08,2018
3708,28.98,2018
3861,214.48,2018
3863,232.75,2018
3864,338.62,2018
3865,112.98,2018
3877,149.3,2018
3880,313.84,2018
3891,73.32,2018
3892,47.45,2018
3895,93.04,2018
3896,176.22,2018
3941,226.94,2018
3943,48.4,2018
3944,137.54,2018
3945,311.77,2018
3946,124.89,2018
3947,53.16,2018
3948,36.42,2018
3950,50.65,2018
3951,94.27,2018
3953,42.99,2018
3954,73.33,2018
3955,44.13,2018
3958,0,2018
2930,48.19,2018
3405,44.1,2018
3407,130.91,2018
3553,62.44,2018
3878,215.73,2018
4004,184.06,2018
4005,365.33,2018
4008,71.8,2018
4021,45.52,2018
4022,177.41,2018
4023,79.12,2018
4025,69.18,2018
4027,35.36,2018
4028,164.35,2018
4031,94.97,2018
4040,0,2018
4041,53.22,2018
4042,70.2,2018
4043,302.57,2018
4044,72.18,2018
4045,46.75,2018
4046,89.39,2018
4047,84.7,2018
4061,116.54,2018
4063,36.05,2018
4064,161.35,2018
4078,42.75,2018
4080,77.97,2018
4082,33.8,2018
4088,115.34,2018
4091,98.19,2018
4092,87.77,2018
4093,145.98,2018
4094,19.71,2018
4095,39.3,2018
4097,50.6,2018
4098,96.45,2018
4099,37.61,2018
4100,162.21,2018
4102,83.97,2018
4107,17.23,2018
4109,93.04,2018
4112,50.07,2018
4113,109.99,2018
4114,39.36,2018
4116,147.46,2018
4118,77.18,2018
4119,105.99,2018
4120,85.15,2018
4124,22.83,2018
4125,0,2018
4182,69.5,2018
4183,208.86,2018
4186,25.86,2018
4187,29.94,2018
4188,330.98,2018
4189,200.21,2018
4202,51.88,2018
4203,55.39,2018
4204,81.47,2018
4205,76.64,2018
4206,27.63,2018
4208,180.33,2018
4212,37.48,2018
4216,31.05,2018
4218,87.41,2018
4220,50.42,2018
4221,127.11,2018
4222,859.15,2018
4224,57.62,2018
4228,89.76,2018
4229,25.96,2018
4231,37.46,2018
4234,79.81,2018
4235,458.47,2018
4237,105.53,2018
4238,26.52,2018
4240,9.46,2018
4241,245.33,2018
4242,564.27,2018
4243,67.58,2018
4245,183.24,2018
4246,98.67,2018
4247,18.32,2018
4248,116.77,2018
4249,67.67,2018
4250,0,2018
4251,438.51,2018
4272,34.6,2018
4274,57.67,2018
4275,56.59,2018
4361,260.9,2018
4362,26.31,2018
4365,21.4,2018
4366,57.31,2018
4367,65.45,2018
4368,26.98,2018
4369,73.3,2018
4401,43.25,2018
4403,52.07,2018
4406,149.93,2018
4409,386.74,2018
4410,38.66,2018
4452,69.11,2018
4461,152.07,2018
4462,22.46,2018
4463,239.1,2018
4464,8.96,2018
4465,79.72,2018
4471,39.14,2018
4531,78.4,2018
4611,135.59,2018
4612,24.62,2018
4613,93.92,2018
4615,116.6,2018
4616,243.89,2018
4617,56.94,2018
4619,77.1,2018
4620,35.11,2018
4623,50.92,2018
4624,25.01,2018
4625,53.45,2018
4626,17.15,2018
4627,27.83,2018
4628,22.67,2018
4629,65.81,2018
4631,142.5,2018
4633,71.86,2018
4634,84.11,2018
4635,102.78,2018
4901,42.71,2018
4911,74.28,2018
4912,77.88,2018
4914,109.62,2018
4917,15.64,2018
4918,176.8,2018
4919,20.55,2018
4920,234.07,2018
4922,41.74,2018
4923,29.23,2018
4925,59.61,2018
4926,26.72,2018
4927,90.34,2018
4928,1.03,2018
4929,20.92,2018
4931,223.43,2018
4932,0,2018
4933,0,2018
4934,0,2018
4935,0,2018
4936,0,2018
4937,0,2018
4951,50.72,2018
4956,61.32,2018
4957,19.74,2018
4958,25.04,2018
4960,240.97,2018
4966,28.08,2018
4967,42.54,2018
4968,53.51,2018
4970,306.06,2018
4971,75.08,2018
4972,49.45,2018
4973,16.93,2018
4974,7.85,2018
4975,38.47,2018
4976,29.05,2018
4977,98.27,2018
4978,2.45,2018
4979,90.01,2018
4980,114.9,2018
4985,88.42,2018
4990,152.97,2018
4992,90.07,2018
4994,51.01,2018
4995,203.55,2018
4996,33.93,2018
4997,42.06,2018
4998,248.27,2018
5142,83.78,2018
5208,26.08,2018
6776,228.71,2018
6988,46.99,2018
7871,62.89,2018
7874,49.85,2018
7877,33.92,2018
7886,266.54,2018
7888,110.11,2018
7894,128.97,2018
7908,30.15,2018
7917,45.14,2018
7925,18.81,2018
7927,202.85,2018
7928,17.27,2018
7931,18.28,2018
7940,289.78,2018
7942,60.97,2018
7947,151.22,2018
7950,15.01,2018
7970,38.66,2018
7971,146.15,2018
7988,124.07,2018
7995,57.81,2018
8113,63.55,2018
9385,218.33,2018
9845,97.11,2018
130A,0,2018
2160,0.46,2018
4151,11.62,2018
4502,102.21,2018
4503,118.6,2018
4506,24.54,2018
4507,26.41,2018
4512,28.72,2018
4516,30.76,2018
4519,20.28,2018
4521,28.75,2018
4523,61.7,2018
4524,54.4,2018
4527,32.36,2018
4528,21.59,2018
4530,16.41,2018
4534,26.36,2018
4536,22.08,2018
4538,111.36,2018
4539,201.3,2018
4540,41.2,2018
4547,14.86,2018
4548,12.79,2018
4549,44.31,2018
4552,31.63,2018
4553,110.11,2018
4554,48.24,2018
4556,59.31,2018
4558,151.65,2018
4559,78.48,2018
4563,10.33,2018
4564,5.16,2018
4565,20.53,2018
4568,64.86,2018
4569,1.97,2018
4570,153.21,2018
4571,29.2,2018
4572,59.25,2018
4574,21.73,2018
4575,7.61,2018
4576,35.85,2018
4577,78.24,2018
4578,2.16,2018
4579,3.53,2018
4582,37.44,2018
4583,4.81,2018
4584,5.9,2018
4586,5.08,2018
4587,11.88,2018
4588,20.34,2018
4591,2.34,2018
4592,21.88,2018
4593,21.93,2018
4594,3.94,2018
4595,79.61,2018
4596,0,2018
4597,11.64,2018
4598,25.91,2018
4599,5.25,2018
4880,57.49,2018
4881,0,2018
4882,0,2018
4883,0,2018
4884,0,2018
4885,0,2018
4888,0,2018
4889,0,2018
4890,0,2018
4891,0,2018
4892,0,2018
4893,0,2018
4894,0,2018
4896,0,2018
3315,161.4,2018
5010,151.35,2018
5011,58.62,2018
5013,42.34,2018
5015,25.64,2018
5017,490,2018
5018,76.53,2018
5019,409.92,2018
5020,155.85,2018
5021,917.76,2018
5101,191.5,2018
5103,11.3,2018
5105,178.53,2018
5108,42.55,2018
5110,139.41,2018
5121,43.28,2018
5122,67.8,2018
5161,78.71,2018
5162,168.24,2018
5184,78.72,2018
5185,68.81,2018
5186,24.63,2018
5189,117.49,2018
5191,179.95,2018
5192,63.42,2018
5194,83.82,2018
5195,82.23,2018
5199,225.79,2018
3110,86.61,2018
4026,198.12,2018
5201,107.88,2018
5202,120.78,2018
5204,250.05,2018
5210,70.84,2018
5214,41.28,2018
5216,1098.33,2018
5218,33.4,2018
5232,68.52,2018
5233,121.19,2018
5237,61.18,2018
5262,69.13,2018
5268,58.77,2018
5269,104.99,2018
5271,542.12,2018
5273,75.18,2018
5279,146.98,2018
5282,83.23,2018
5284,411.8,2018
5285,250.02,2018
5287,39.25,2018
5288,3.26,2018
5290,0,2018
5301,44.29,2018
5302,39.26,2018
5304,16.13,2018
5310,22.37,2018
5331,86.55,2018
5332,97.94,2018
5333,99.28,2018
5334,66.62,2018
5337,15.6,2018
5341,113.96,2018
5342,85.49,2018
5343,1203.48,2018
5344,15.79,2018
5351,89.75,2018
5352,133,2018
5355,174.41,2018
5356,94.24,2018
5357,31.33,2018
5363,51.4,2018
5367,38.45,2018
5368,0,2018
5380,112.92,2018
5381,144.71,2018
5384,16.61,2018
5386,50.04,2018
5388,16.81,2018
5391,212.55,2018
5393,84.63,2018
7943,103.59,2018
5401,162.37,2018
5406,212.94,2018
5408,57.1,2018
5410,86.93,2018
5411,138.48,2018
5423,37.69,2018
5440,18.05,2018
5444,25.62,2018
5445,45.17,2018
5446,43.07,2018
5449,27.5,2018
5451,26.8,2018
5458,200.19,2018
5461,15.94,2018
5463,12.69,2018
5464,40.88,2018
5471,124.23,2018
5476,68.05,2018
5480,229.42,2018
5482,80.54,2018
5484,19.71,2018
5491,218.58,2018
5541,13.93,2018
5542,83.54,2018
5563,38.42,2018
5602,100.1,2018
5603,135.55,2018
5607,69.63,2018
5609,95.76,2018
5612,58.11,2018
5632,98.72,2018
5644,124.82,2018
5658,21.2,2018
5659,41.28,2018
5660,118.87,2018
5695,35.37,2018
5697,83.89,2018
5698,21.96,2018
5699,133.16,2018
7305,63.3,2018
1491,13.27,2018
5702,148.64,2018
5703,115.63,2018
5704,34.08,2018
5706,229.14,2018
5707,139.22,2018
5711,164.83,2018
5713,63.99,2018
5714,108.57,2018
5715,164.32,2018
5721,6.17,2018
5724,105.29,2018
5726,170.35,2018
5727,117.68,2018
5729,62.73,2018
5741,211.6,2018
5742,72.82,2018
5753,99.39,2018
5757,13.54,2018
5801,219.77,2018
5802,75.01,2018
5803,246,2018
5805,174.98,2018
5816,83.21,2018
5817,48.7,2018
5819,13.75,2018
5820,90.59,2018
5821,49.03,2018
5851,121.02,2018
5852,86.1,2018
5857,60.2,2018
5858,0,2018
2961,0,2018
2962,0,2018
3420,79.9,2018
3421,31.14,2018
3422,0,2018
3423,138.31,2018
3426,35.81,2018
3431,0.19,2018
3433,35.21,2018
3434,106.6,2018
3435,44.18,2018
3436,128.09,2018
3437,85.93,2018
3439,118.46,2018
3440,23.49,2018
3441,72.76,2018
3442,23.26,2018
3443,22.11,2018
3444,36.85,2018
3445,80.12,2018
3446,92.12,2018
3447,113.28,2018
3448,0,2018
3449,69.7,2018
3450,0,2018
5900,26.96,2018
5901,47.56,2018
5902,139.43,2018
5903,24.24,2018
5905,117.42,2018
5906,91.18,2018
5909,40.86,2018
5911,33.66,2018
5915,95.85,2018
5918,34.9,2018
5921,23.01,2018
5922,120.48,2018
5923,59.99,2018
5928,28.49,2018
5929,51.68,2018
5930,102.96,2018
5932,180.66,2018
5933,81.66,2018
5936,183.41,2018
5938,47.17,2018
5939,104.05,2018
5940,366.49,2018
5941,58.95,2018
5942,69.72,2018
5943,65.3,2018
5945,10.28,2018
5946,6.38,2018
5947,26.04,2018
5950,136.43,2018
5951,17.87,2018
5952,312.47,2018
5953,254.69,2018
5955,19.13,2018
5956,90.73,2018
5957,41.99,2018
5958,67.85,2018
5959,61.67,2018
5965,124.47,2018
5966,39.61,2018
5967,41.81,2018
5969,100.95,2018
5970,65.39,2018
5971,19.59,2018
5973,22.55,2018
5974,114.72,2018
5975,63.49,2018
5976,22.38,2018
5979,14.01,2018
5981,249.39,2018
5982,50.3,2018
5983,24.29,2018
5984,19.4,2018
5985,24.07,2018
5986,62.89,2018
5987,77.85,2018
5988,19.3,2018
5989,104,2018
5990,41.47,2018
5991,103.24,2018
5992,50.84,2018
5994,128.2,2018
5997,90.14,2018
5998,481.82,2018
7985,224.94,2018
7989,37.15,2018
1301,289.88,2019
1332,262.06,2019
1333,413.04,2019
1375,0,2019
1376,139.35,2019
1377,10.98,2019
1379,77.54,2019
1380,198.15,2019
1381,23.25,2019
1382,108.72,2019
1383,180.49,2019
1384,48.69,2019
1514,44.2,2019
1515,59.93,2019
1605,22.48,2019
1662,26.29,2019
1663,8.64,2019
1401,55.32,2019
1407,218.11,2019
1414,0.05,2019
1417,69.54,2019
1418,105.76,2019
1419,505.53,2019
1420,185.82,2019
1429,144.37,2019
1430,168.09,2019
1431,95.91,2019
1432,195.04,2019
1433,67.44,2019
1434,84.1,2019
1436,59.61,2019
1438,34.68,2019
1443,0.52,2019
1444,36.47,2019
1445,0,2019
1446,93.04,2019
1447,0,2019
1449,109.91,2019
144A,0,2019
1450,62.62,2019
1452,169.21,2019
1711,384.11,2019
1712,68.32,2019
1716,22.19,2019
1718,80.78,2019
1719,171.33,2019
1720,230.52,2019
1721,20.29,2019
1723,53.06,2019
1724,731.37,2019
1726,91.57,2019
1736,71.87,2019
1738,83.25,2019
1743,74.25,2019
1758,43.46,2019
1762,4.17,2019
1764,210.04,2019
1766,141.12,2019
1768,88.64,2019
1770,96.61,2019
1771,55.3,2019
1776,158.48,2019
1777,134.24,2019
1780,59.25,2019
1786,69.85,2019
1787,47.02,2019
1788,46.43,2019
1793,52,2019
1795,108.36,2019
1798,200.94,2019
1799,20.53,2019
1801,199.17,2019
1802,178.57,2019
1803,174.05,2019
1807,122.62,2019
1808,109.6,2019
1810,116.8,2019
1811,138.38,2019
1812,229.72,2019
1813,108.3,2019
1814,178.3,2019
1815,238.36,2019
1820,106.98,2019
1821,318.02,2019
1822,134.75,2019
1826,93.64,2019
1827,210.53,2019
1828,89.03,2019
1832,68.35,2019
1833,88.22,2019
1835,67.41,2019
1840,2.02,2019
1841,29.77,2019
1844,72.89,2019
1847,216.92,2019
1848,187.58,2019
1850,224.94,2019
1852,176.24,2019
1853,129.22,2019
1860,123.21,2019
1861,178.87,2019
1866,89.6,2019
1867,105.7,2019
1869,86.63,2019
1870,132.1,2019
1871,193.17,2019
1873,96.79,2019
1879,73.03,2019
1882,144.06,2019
1884,92.36,2019
1885,194.85,2019
1887,121.87,2019
1888,189.81,2019
1890,219.85,2019
1892,303.04,2019
1893,304.97,2019
1897,12.56,2019
1898,157.86,2019
1899,97.95,2019
1904,65.84,2019
1905,59.88,2019
1911,150.43,2019
1914,34.9,2019
1921,76.62,2019
1925,130.81,2019
1926,56.47,2019
1928,94.32,2019
1929,104.35,2019
1930,51.06,2019
1934,73.25,2019
1938,65.61,2019
1939,71.75,2019
1941,20.27,2019
1942,88.16,2019
1944,35.06,2019
1945,44.49,2019
1946,149.77,2019
1948,79.15,2019
1949,76.23,2019
1950,60.37,2019
1951,76.28,2019
1952,125.46,2019
1959,96.92,2019
1960,26.08,2019
1961,112.68,2019
1963,72.71,2019
1964,89.48,2019
1965,62.21,2019
1966,171.1,2019
1967,47.08,2019
1968,49.12,2019
1969,109.74,2019
1972,88.17,2019
1975,176.15,2019
1976,30.96,2019
1979,66.4,2019
1980,102.45,2019
1981,70.85,2019
1982,44.37,2019
1992,104.25,2019
1994,80.82,2019
1997,119.31,2019
1999,151.33,2019
3267,47.05,2019
5070,834.5,2019
5071,139.37,2019
5072,0,2019
5074,0,2019
5075,0,2019
5077,0,2019
5078,0,2019
5079,0,2019
6330,10906.32,2019
6366,188.42,2019
6379,64.17,2019
2001,58.75,2019
2002,12.2,2019
2003,41.11,2019
2004,108.25,2019
2009,25.65,2019
2053,60.84,2019
2055,61.54,2019
2058,84.24,2019
2060,144.52,2019
2108,50.92,2019
2109,36.13,2019
2112,200.96,2019
2114,22.03,2019
2117,15.43,2019
2201,83.69,2019
2204,57.62,2019
2206,55.77,2019
2207,49.98,2019
2208,74.53,2019
2209,69.9,2019
2211,43.72,2019
2212,82.37,2019
2215,110.51,2019
2216,87.65,2019
2217,50.96,2019
2218,195.3,2019
2220,57.46,2019
2221,36.65,2019
2222,35.96,2019
2224,299.22,2019
2226,80.9,2019
2229,29.18,2019
2264,219.25,2019
2266,76.9,2019
2267,118.05,2019
2268,95.11,2019
2269,45.25,2019
2270,136.61,2019
2281,101.86,2019
2282,108.63,2019
2286,297.18,2019
2288,53.14,2019
2291,158.71,2019
2292,56.02,2019
2293,290.16,2019
2294,35.88,2019
2296,6.91,2019
2501,136.04,2019
2502,151.54,2019
2503,73.35,2019
2531,63.97,2019
2533,109.61,2019
2540,14.15,2019
2551,267.65,2019
2573,23.85,2019
2579,43.9,2019
2585,0,2019
2586,96250,2019
2587,68.36,2019
2588,162.04,2019
2590,44.61,2019
2593,97.42,2019
2594,31.16,2019
2597,45.98,2019
2602,99.79,2019
2607,38.59,2019
2612,28.31,2019
2613,87.3,2019
2801,134.91,2019
2802,169.94,2019
2804,28.45,2019
2805,134.33,2019
2806,17.33,2019
2809,70.56,2019
2810,22.18,2019
2811,62.93,2019
2813,72.84,2019
2814,14.98,2019
2815,14.21,2019
2816,78.94,2019
2818,75.37,2019
2819,52.17,2019
2820,104.36,2019
2830,47.2,2019
2831,80.53,2019
2871,132.36,2019
2872,97.24,2019
2875,50.62,2019
2876,138.3,2019
2877,204.78,2019
2882,208.32,2019
2883,56.4,2019
2884,160,2019
2892,93.53,2019
2894,123.58,2019
2897,53.92,2019
2901,99.6,2019
2902,28.46,2019
2903,88.74,2019
2904,151.85,2019
2907,111.66,2019
2908,20.27,2019
2910,21.78,2019
2911,44.16,2019
2914,78.91,2019
2915,79.29,2019
2916,85.5,2019
2917,40.23,2019
2918,7.41,2019
2919,26.34,2019
2922,106.8,2019
2923,122.7,2019
2924,112.52,2019
2926,41.21,2019
2927,66.72,2019
2929,62.14,2019
2931,32.19,2019
2932,330.24,2019
2933,0,2019
2934,0,2019
2936,0,2019
2937,0,2019
2938,0,2019
3069,147.45,2019
409A,21.25,2019
4404,116.11,2019
4526,81.82,2019
3001,208.33,2019
3002,32.34,2019
3101,142,2019
3103,366.3,2019
3104,32.13,2019
3106,60.16,2019
3109,161.97,2019
3111,308.62,2019
3123,101.9,2019
3201,33.44,2019
3202,314.54,2019
3204,164.25,2019
3205,83.37,2019
3302,30.31,2019
3401,136.07,2019
3402,125.58,2019
3409,136.78,2019
3501,147.61,2019
3504,0.19,2019
3512,33,2019
3513,39.62,2019
3524,257.82,2019
3529,18.89,2019
3551,156.94,2019
3569,81.99,2019
3571,15.66,2019
3577,71.17,2019
3580,31.97,2019
3583,93.78,2019
3591,13.98,2019
3593,15.02,2019
3597,16.75,2019
3598,93.94,2019
3600,14.14,2019
3607,11.15,2019
3608,32.14,2019
3611,62.29,2019
3612,490.4,2019
8011,62.12,2019
8013,51.22,2019
8016,22.5,2019
8029,15.64,2019
8040,53.82,2019
8107,97.45,2019
8111,149.46,2019
8118,17.23,2019
8127,33.01,2019
8143,63.23,2019
3708,29.07,2019
3861,204.87,2019
3863,220.64,2019
3864,294.39,2019
3865,105.11,2019
3877,173.53,2019
3880,324.2,2019
3891,63.45,2019
3892,51.27,2019
3895,80.45,2019
3896,217.09,2019
3941,226.7,2019
3943,48.75,2019
3944,123.19,2019
3945,294.53,2019
3946,104.38,2019
3947,65.19,2019
3948,35.78,2019
3950,48.59,2019
3951,82.62,2019
3953,45.11,2019
3954,70.15,2019
3955,38.86,2019
3958,0,2019
2930,48.42,2019
3405,87.89,2019
3407,117.51,2019
3553,68.59,2019
3878,215.62,2019
4004,152.9,2019
4005,345.05,2019
4008,60.58,2019
4021,41.75,2019
4022,165.12,2019
4023,48.8,2019
4025,68.7,2019
4027,31.77,2019
4028,153.19,2019
4031,93.46,2019
4040,0,2019
4041,48.36,2019
4042,52.44,2019
4043,215.48,2019
4044,69.66,2019
4045,43.75,2019
4046,85.58,2019
4047,78.99,2019
4061,113.55,2019
4063,34.65,2019
4064,141.98,2019
4078,41.81,2019
4080,95.26,2019
4082,39.87,2019
4088,123.97,2019
4091,92.3,2019
4092,86.72,2019
4093,133.89,2019
4094,19.13,2019
4095,40.23,2019
4097,51.07,2019
4098,96.96,2019
4099,37.21,2019
4100,151.79,2019
4102,74.74,2019
4107,20.6,2019
4109,57.16,2019
4112,43.43,2019
4113,114.76,2019
4114,39.34,2019
4116,141.69,2019
4118,80.44,2019
4119,110.71,2019
4120,74.47,2019
4124,9.58,2019
4125,0,2019
4182,65.62,2019
4183,200.09,2019
4186,21.2,2019
4187,27.9,2019
4188,288.35,2019
4189,165.6,2019
4202,60.35,2019
4203,55.75,2019
4204,90.41,2019
4205,84.69,2019
4206,28.83,2019
4208,174.06,2019
4212,36.65,2019
4216,36.9,2019
4218,86.08,2019
4220,43.16,2019
4221,116.79,2019
4222,975.35,2019
4224,49.51,2019
4228,95.88,2019
4229,24.26,2019
4231,34.59,2019
4234,73.15,2019
4235,199.58,2019
4237,75.38,2019
4238,27.12,2019
4240,9.87,2019
4241,251.64,2019
4242,469.49,2019
4243,59.04,2019
4245,253.63,2019
4246,100.09,2019
4247,20.31,2019
4248,128.99,2019
4249,45.2,2019
4250,0,2019
4251,360.09,2019
4272,29.86,2019
4274,54.28,2019
4275,52.59,2019
4361,269.51,2019
4362,32.01,2019
4365,20.81,2019
4366,48.71,2019
4367,50.06,2019
4368,31.08,2019
4369,77.48,2019
4401,44.09,2019
4403,49.18,2019
4406,144.05,2019
4409,362.69,2019
4410,30.27,2019
4452,68.36,2019
4461,139.73,2019
4462,19.06,2019
4463,236.86,2019
4464,9.28,2019
4465,77.38,2019
4471,42.67,2019
4531,92.96,2019
4611,116,2019
4612,18.78,2019
4613,98.46,2019
4615,117.48,2019
4616,231.51,2019
4617,55.67,2019
4619,87.86,2019
4620,33.59,2019
4623,44.75,2019
4624,26.56,2019
4625,49.39,2019
4626,48.75,2019
4627,26.98,2019
4628,20.45,2019
4629,71.21,2019
4631,132.39,2019
4633,72.69,2019
4634,43.24,2019
4635,99.97,2019
4901,35.68,2019
4911,91.38,2019
4912,69.08,2019
4914,99.6,2019
4917,17.12,2019
4918,302.8,2019
4919,19.17,2019
4920,201.16,2019
4922,43.3,2019
4923,31.06,2019
4925,61.37,2019
4926,27.81,2019
4927,108.53,2019
4928,1.17,2019
4929,20.99,2019
4931,128.15,2019
4932,0,2019
4933,710.5,2019
4934,1108.33,2019
4935,251.67,2019
4936,0,2019
4937,0,2019
4951,45.81,2019
4956,67.89,2019
4957,30.18,2019
4958,25.04,2019
4960,234.78,2019
4966,23.21,2019
4967,38.15,2019
4968,51.8,2019
4970,287.1,2019
4971,25.63,2019
4972,51.83,2019
4973,20.75,2019
4974,7.32,2019
4975,35.08,2019
4976,24.83,2019
4977,102.43,2019
4978,3.81,2019
4979,243.23,2019
4980,105.16,2019
4985,99.09,2019
4990,137.13,2019
4992,71.81,2019
4994,49.8,2019
4995,218.6,2019
4996,31.76,2019
4997,37.05,2019
4998,132.78,2019
5142,86.08,2019
5208,27.92,2019
6776,184.98,2019
6988,47.28,2019
7871,62.39,2019
7874,84.38,2019
7877,35.4,2019
7886,291.05,2019
7888,112.02,2019
7894,112.03,2019
7908,29.41,2019
7917,51.48,2019
7925,16.88,2019
7927,179.71,2019
7928,16.81,2019
7931,19.49,2019
7940,243.23,2019
7942,64.81,2019
7947,153.57,2019
7950,14.2,2019
7970,53.39,2019
7971,137.13,2019
7988,67.02,2019
7995,51.33,2019
8113,43.95,2019
9385,211.6,2019
9845,87.97,2019
130A,0,2019
2160,7.44,2019
4151,13.45,2019
4502,88.37,2019
4503,93.51,2019
4506,20.46,2019
4507,16.89,2019
4512,26.56,2019
4516,22.23,2019
4519,20.55,2019
4521,32.56,2019
4523,62.19,2019
4524,44.8,2019
4527,33.03,2019
4528,15.48,2019
4530,17.41,2019
4534,24.65,2019
4536,20.79,2019
4538,115.44,2019
4539,211.42,2019
4540,50.46,2019
4547,16.23,2019
4548,13.85,2019
4549,39.02,2019
4552,40.09,2019
4553,114.46,2019
4554,42.31,2019
4556,59.42,2019
4558,148.09,2019
4559,78.95,2019
4563,4.22,2019
4564,5.93,2019
4565,32.61,2019
4568,66.55,2019
4569,1.64,2019
4570,61.61,2019
4571,66.33,2019
4572,98.54,2019
4574,24.64,2019
4575,45.09,2019
4576,63.94,2019
4577,67.36,2019
4578,7.94,2019
4579,4.71,2019
4582,30.58,2019
4583,5.82,2019
4584,16.37,2019
4586,8.74,2019
4587,12.26,2019
4588,18.26,2019
4591,4.45,2019
4592,42.49,2019
4593,39.18,2019
4594,4.15,2019
4595,76.93,2019
4596,0,2019
4597,15.57,2019
4598,4.99,2019
4599,2.78,2019
4880,73.57,2019
4881,18.11,2019
4882,0,2019
4883,1.34,2019
4884,9.27,2019
4885,0,2019
4888,0,2019
4889,0,2019
4890,0,2019
4891,0,2019
4892,0,2019
4893,0,2019
4894,0,2019
4896,0,2019
3315,145.7,2019
5010,173.67,2019
5011,54.68,2019
5013,40.89,2019
5015,27.23,2019
5017,422.08,2019
5018,71.3,2019
5019,276.03,2019
5020,116.52,2019
5021,858.88,2019
5101,133.18,2019
5103,14.91,2019
5105,206.83,2019
5108,37.21,2019
5110,135.13,2019
5121,47.15,2019
5122,68.58,2019
5161,75.15,2019
5162,156.68,2019
5184,69.48,2019
5185,82.49,2019
5186,25.55,2019
5189,106.04,2019
5191,175.09,2019
5192,63.26,2019
5194,112.62,2019
5195,78.69,2019
5199,256.88,2019
3110,69.01,2019
4026,187.35,2019
5201,118.49,2019
5202,107.35,2019
5204,229.63,2019
5210,76.6,2019
5214,35.06,2019
5216,0,2019
5218,33.19,2019
5232,65.97,2019
5233,109.11,2019
5237,57.01,2019
5262,68.32,2019
5268,51.99,2019
5269,120.67,2019
5271,470.1,2019
5273,72.26,2019
5279,131,2019
5282,82.06,2019
5284,286.85,2019
5285,237.29,2019
5287,34.89,2019
5288,2.99,2019
5290,0,2019
5301,87.3,2019
5302,53.87,2019
5304,14.04,2019
5310,18.1,2019
5331,70.56,2019
5332,76.87,2019
5333,83.72,2019
5334,62.73,2019
5337,13.49,2019
5341,164.42,2019
5342,79.25,2019
5343,1006.72,2019
5344,20.3,2019
5351,82.71,2019
5352,129.38,2019
5355,172.86,2019
5356,91.66,2019
5357,30.83,2019
5363,50.34,2019
5367,38.51,2019
5368,75.49,2019
5380,111.97,2019
5381,152.83,2019
5384,16.43,2019
5386,48.12,2019
5388,14.27,2019
5391,194.93,2019
5393,83.42,2019
7943,91.34,2019
5401,156.55,2019
5406,192.02,2019
5408,59.54,2019
5410,97.47,2019
5411,141.2,2019
5423,47.7,2019
5440,24.6,2019
5444,19.13,2019
5445,54.76,2019
5446,53.23,2019
5449,31.45,2019
5451,24.86,2019
5458,161.49,2019
5461,19.59,2019
5463,13.58,2019
5464,41.08,2019
5471,127.94,2019
5476,78.93,2019
5480,235.01,2019
5482,71.64,2019
5484,18.8,2019
5491,201.8,2019
5541,14.09,2019
5542,73.41,2019
5563,39.53,2019
5602,102.62,2019
5603,144.04,2019
5607,89.07,2019
5609,105.01,2019
5612,60.23,2019
5632,91.23,2019
5644,122.57,2019
5658,20.98,2019
5659,46.68,2019
5660,115.7,2019
5695,35.48,2019
5697,86.17,2019
5698,25.98,2019
5699,70.99,2019
7305,64.12,2019
1491,13.11,2019
5702,150.76,2019
5703,107.58,2019
5704,60.54,2019
5706,236.96,2019
5707,131.29,2019
5711,154.24,2019
5713,61.28,2019
5714,128.91,2019
5715,152.4,2019
5721,8.16,2019
5724,104.71,2019
5726,155.88,2019
5727,102.42,2019
5729,58.47,2019
5741,203.68,2019
5742,80.36,2019
5753,94.52,2019
5757,15.24,2019
5801,205.86,2019
5802,74.38,2019
5803,245.91,2019
5805,171.26,2019
5816,71.37,2019
5817,52.65,2019
5819,14.29,2019
5820,78.21,2019
5821,48.73,2019
5851,228.14,2019
5852,90.09,2019
5857,39.39,2019
5858,0,2019
2961,0,2019
2962,0,2019
3420,77.29,2019
3421,30.45,2019
3422,1401.69,2019
3423,129.14,2019
3426,34.68,2019
3431,0.18,2019
3433,45.63,2019
3434,85.04,2019
3435,39.6,2019
3436,121.93,2019
3437,79.7,2019
3439,112.36,2019
3440,29.19,2019
3441,93.78,2019
3442,21.85,2019
3443,5.16,2019
3444,31.99,2019
3445,19.44,2019
3446,19.71,2019
3447,97.05,2019
3448,0,2019
3449,61.78,2019
3450,0,2019
5900,26.02,2019
5901,42.47,2019
5902,131.51,2019
5903,27.4,2019
5905,115,2019
5906,93.42,2019
5909,42.46,2019
5911,21.36,2019
5915,96.73,2019
5918,31.24,2019
5921,27.52,2019
5922,158.69,2019
5923,59.18,2019
5928,26.5,2019
5929,59.07,2019
5930,110.47,2019
5932,208.19,2019
5933,82.45,2019
5936,179.22,2019
5938,44.96,2019
5939,91.15,2019
5940,357,2019
5941,72.37,2019
5942,57.15,2019
5943,66.62,2019
5945,11.8,2019
5946,5.41,2019
5947,24.8,2019
5950,128.69,2019
5951,18.22,2019
5952,287.74,2019
5953,209.27,2019
5955,19.38,2019
5956,85.53,2019
5957,41,2019
5958,66.36,2019
5959,55.56,2019
5965,114.35,2019
5966,33.8,2019
5967,32.87,2019
5969,104.48,2019
5970,63.26,2019
5971,22.99,2019
5973,25.05,2019
5974,120.7,2019
5975,51.98,2019
5976,27.02,2019
5979,14.35,2019
5981,253.32,2019
5982,51.92,2019
5983,22.38,2019
5984,21.05,2019
5985,25.3,2019
5986,77.95,2019
5987,78.83,2019
5988,17.85,2019
5989,90.98,2019
5990,35.65,2019
5991,104.77,2019
5992,42.9,2019
5994,145,2019
5997,93.53,2019
5998,612.16,2019
7985,209.26,2019
7989,35.24,2019
1301,300.69,2020
1332,266.52,2020
1333,368.92,2020
1375,0.01,2020
1376,132.22,2020
1377,9.94,2020
1379,87.39,2020
1380,179.48,2020
1381,17.55,2020
1382,140.39,2020
1383,187.65,2020
1384,38.3,2020
1514,6.21,2020
1515,55.24,2020
1605,66.62,2020
1662,19.54,2020
1663,4.09,2020
1401,43.2,2020
1407,278.15,2020
1414,0.05,2020
1417,46.48,2020
1418,88.21,2020
1419,422.77,2020
1420,211.76,2020
1429,124.74,2020
1430,92.55,2020
1431,77.15,2020
1432,204.41,2020
1433,73.42,2020
1434,58.39,2020
1436,69.2,2020
1438,38.69,2020
1443,0.07,2020
1444,36.07,2020
1445,0,2020
1446,77.52,2020
1447,6.16,2020
1449,95.22,2020
144A,0,2020
1450,25.52,2020
1452,120.33,2020
1711,13.78,2020
1712,78.7,2020
1716,17.88,2020
1718,55.15,2020
1719,162.73,2020
1720,193.25,2020
1721,18.45,2020
1723,57.48,2020
1724,220.35,2020
1726,147.53,2020
1736,72.68,2020
1738,96.37,2020
1743,76.17,2020
1758,33.01,2020
1762,2.84,2020
1764,230.99,2020
1766,130.67,2020
1768,75.57,2020
1770,88.78,2020
1771,58.23,2020
1776,144.03,2020
1777,128.16,2020
1780,63.29,2020
1786,64.27,2020
1787,50.67,2020
1788,51.04,2020
1793,47.56,2020
1795,121.51,2020
1798,184.62,2020
1799,15.56,2020
1801,168.17,2020
1802,166.92,2020
1803,154.41,2020
1807,108.48,2020
1808,97.65,2020
1810,83.04,2020
1811,137.54,2020
1812,183.63,2020
1813,105.28,2020
1814,168.4,2020
1815,209.58,2020
1820,134.5,2020
1821,271.47,2020
1822,134.22,2020
1826,88.59,2020
1827,188.84,2020
1828,97.59,2020
1832,71.4,2020
1833,77.1,2020
1835,67.68,2020
1840,2.03,2020
1841,34.3,2020
1844,106.97,2020
1847,196.73,2020
1848,177.87,2020
1850,281.35,2020
1852,159.35,2020
1853,122.35,2020
1860,148.61,2020
1861,168.2,2020
1866,71.99,2020
1867,130.51,2020
1869,81.18,2020
1870,122.62,2020
1871,153.78,2020
1873,83.74,2020
1879,59.99,2020
1882,148.31,2020
1884,91.75,2020
1885,213.46,2020
1887,88.41,2020
1888,177,2020
1890,164.1,2020
1892,321.93,2020
1893,226.74,2020
1897,17.51,2020
1898,129.02,2020
1899,109.47,2020
1904,91.45,2020
1905,45.43,2020
1911,158.68,2020
1914,32.31,2020
1921,74.99,2020
1925,127.84,2020
1926,52.33,2020
1928,85.57,2020
1929,97.19,2020
1930,49.86,2020
1934,68.34,2020
1938,67.27,2020
1939,65.34,2020
1941,20.95,2020
1942,84.65,2020
1944,37.04,2020
1945,41.5,2020
1946,170.27,2020
1948,75.78,2020
1949,79.83,2020
1950,60.75,2020
1951,55.61,2020
1952,134.5,2020
1959,99.67,2020
1960,37.57,2020
1961,125.88,2020
1963,76.05,2020
1964,100.1,2020
1965,71.33,2020
1966,174.36,2020
1967,39.31,2020
1968,67.79,2020
1969,120.06,2020
1972,83.93,2020
1975,166.78,2020
1976,27.36,2020
1979,66.16,2020
1980,81.53,2020
1981,72.13,2020
1982,42.14,2020
1992,82.4,2020
1994,60.83,2020
1997,93.07,2020
1999,149.45,2020
3267,36.59,2020
5070,505.07,2020
5071,115.58,2020
5072,0,2020
5074,43.41,2020
5075,0,2020
5077,0,2020
5078,0,2020
5079,0,2020
6330,1259.51,2020
6366,0,2020
6379,67.73,2020
2001,76.86,2020
2002,23.88,2020
2003,38.85,2020
2004,97.29,2020
2009,22.93,2020
2053,56.26,2020
2055,62.16,2020
2058,118.41,2020
2060,123.6,2020
2108,47.97,2020
2109,30.61,2020
2112,179.23,2020
2114,25.32,2020
2117,19.03,2020
2201,89.3,2020
2204,69.45,2020
2206,105.6,2020
2207,61.34,2020
2208,68.39,2020
2209,68.47,2020
2211,40.27,2020
2212,78.66,2020
2215,113.57,2020
2216,77.04,2020
2217,46.96,2020
2218,223.35,2020
2220,64.74,2020
2221,35.64,2020
2222,37.72,2020
2224,268.86,2020
2226,74.62,2020
2229,27.98,2020
2264,217.04,2020
2266,111.45,2020
2267,104.83,2020
2268,91.02,2020
2269,45.06,2020
2270,124.98,2020
2281,111.69,2020
2282,131.07,2020
2286,264.87,2020
2288,58.1,2020
2291,209.9,2020
2292,67.83,2020
2293,278.83,2020
2294,30.4,2020
2296,12.61,2020
2501,138.28,2020
2502,112.02,2020
2503,86.74,2020
2531,65.16,2020
2533,103.66,2020
2540,14.09,2020
2551,252.91,2020
2573,23.38,2020
2579,66,2020
2585,0,2020
2586,0,2020
2587,59.03,2020
2588,165.89,2020
2590,37.23,2020
2593,89.42,2020
2594,35.59,2020
2597,77.08,2020
2602,89.16,2020
2607,98.91,2020
2612,33.08,2020
2613,73.67,2020
2801,140.1,2020
2802,198.24,2020
2804,23.49,2020
2805,129.97,2020
2806,18.07,2020
2809,69.41,2020
2810,20.89,2020
2811,56.03,2020
2813,80.74,2020
2814,12.34,2020
2815,17.76,2020
2816,72.24,2020
2818,65.96,2020
2819,53.63,2020
2820,106.95,2020
2830,66.87,2020
2831,75.7,2020
2871,134.62,2020
2872,96.78,2020
2875,45.76,2020
2876,122.82,2020
2877,209.35,2020
2882,151.05,2020
2883,60.79,2020
2884,322.94,2020
2892,84.66,2020
2894,121.61,2020
2897,54.29,2020
2901,44.89,2020
2902,26.43,2020
2903,139.37,2020
2904,136.63,2020
2907,104.34,2020
2908,19.08,2020
2910,21.44,2020
2911,48.91,2020
2914,84.54,2020
2915,81.95,2020
2916,98.26,2020
2917,24.25,2020
2918,6.06,2020
2919,24.78,2020
2922,101.26,2020
2923,121.99,2020
2924,91.56,2020
2926,34.9,2020
2927,69.18,2020
2929,105.33,2020
2931,56.28,2020
2932,306.66,2020
2933,602.45,2020
2934,156.11,2020
2936,0,2020
2937,0,2020
2938,0,2020
3069,109.65,2020
409A,0,2020
4404,112.38,2020
4526,75.85,2020
3001,168.48,2020
3002,35.63,2020
3101,156.43,2020
3103,349.75,2020
3104,30.05,2020
3106,61.55,2020
3109,170.31,2020
3111,348.54,2020
3123,96.39,2020
3201,30.34,2020
3202,379.08,2020
3204,162.27,2020
3205,99.95,2020
3302,31.73,2020
3401,126.43,2020
3402,137.99,2020
3409,142.29,2020
3501,169.1,2020
3504,0.2,2020
3512,30.89,2020
3513,39.99,2020
3524,250.61,2020
3529,15.33,2020
3551,157.63,2020
3569,108.71,2020
3571,15.46,2020
3577,66.95,2020
3580,31.24,2020
3583,88.33,2020
3591,14.7,2020
3593,15.76,2020
3597,24.01,2020
3598,100.22,2020
3600,14.04,2020
3607,24.47,2020
3608,49.7,2020
3611,54.23,2020
3612,184.31,2020
8011,0,2020
8013,53.89,2020
8016,43.35,2020
8029,74.47,2020
8040,63.84,2020
8107,97.47,2020
8111,138.01,2020
8118,16.39,2020
8127,35.34,2020
8143,48.14,2020
3708,27.63,2020
3861,184.95,2020
3863,281.16,2020
3864,244.07,2020
3865,115.05,2020
3877,175.07,2020
3880,371.15,2020
3891,50.04,2020
3892,53.76,2020
3895,90.3,2020
3896,204.15,2020
3941,226.56,2020
3943,47.34,2020
3944,211.59,2020
3945,441.69,2020
3946,108.05,2020
3947,67.38,2020
3948,36.56,2020
3950,47.74,2020
3951,93.68,2020
3953,42.97,2020
3954,68.18,2020
3955,39.61,2020
3958,0,2020
2930,44.12,2020
3405,103.95,2020
3407,126.05,2020
3553,59.78,2020
3878,404.36,2020
4004,131.76,2020
4005,327.19,2020
4008,55.95,2020
4021,38.43,2020
4022,155.35,2020
4023,45.37,2020
4025,63.32,2020
4027,36.25,2020
4028,128.6,2020
4031,87.38,2020
4040,0,2020
4041,43.89,2020
4042,39.46,2020
4043,159.82,2020
4044,71.41,2020
4045,39.47,2020
4046,72.08,2020
4047,80.53,2020
4061,110.87,2020
4063,39.13,2020
4064,127.7,2020
4078,52.92,2020
4080,77.47,2020
4082,64.95,2020
4088,149.21,2020
4091,333.67,2020
4092,92.39,2020
4093,133.62,2020
4094,17.75,2020
4095,39.73,2020
4097,54.22,2020
4098,127.29,2020
4099,34.83,2020
4100,172.13,2020
4102,73.67,2020
4107,21.08,2020
4109,60.3,2020
4112,47.55,2020
4113,100.39,2020
4114,33.76,2020
4116,131.6,2020
4118,78.94,2020
4119,125.75,2020
4120,67.7,2020
4124,8.63,2020
4125,0,2020
4182,57.08,2020
4183,197.36,2020
4186,20.46,2020
4187,32.28,2020
4188,269.33,2020
4189,153.13,2020
4202,62.09,2020
4203,58.01,2020
4204,93.34,2020
4205,81.81,2020
4206,27.03,2020
4208,166.17,2020
4212,36.79,2020
4216,31.98,2020
4218,68.27,2020
4220,40.09,2020
4221,106.25,2020
4222,14204.23,2020
4224,40.54,2020
4228,110.91,2020
4229,21.92,2020
4231,34.44,2020
4234,66.37,2020
4235,182.37,2020
4237,72.29,2020
4238,27.86,2020
4240,9.94,2020
4241,206.4,2020
4242,406.84,2020
4243,51.48,2020
4245,254.69,2020
4246,94.86,2020
4247,19.72,2020
4248,111.31,2020
4249,39.85,2020
4250,0,2020
4251,211.5,2020
4272,28.61,2020
4274,54.64,2020
4275,47.73,2020
4361,278.68,2020
4362,35.49,2020
4365,19.75,2020
4366,46.36,2020
4367,45.66,2020
4368,17.44,2020
4369,63.04,2020
4401,48.47,2020
4403,46.5,2020
4406,146.83,2020
4409,320.8,2020
4410,30.53,2020
4452,69.08,2020
4461,137.88,2020
4462,22.99,2020
4463,212.75,2020
4464,8.51,2020
4465,73.85,2020
4471,40.72,2020
4531,98.41,2020
4611,108.16,2020
4612,119.06,2020
4613,89.78,2020
4615,126.53,2020
4616,219.7,2020
4617,65.17,2020
4619,79.92,2020
4620,30.56,2020
4623,41.09,2020
4624,24.7,2020
4625,46.14,2020
4626,40.23,2020
4627,28.11,2020
4628,20.98,2020
4629,70.7,2020
4631,131.15,2020
4633,66.3,2020
4634,41.54,2020
4635,98.51,2020
4901,56.69,2020
4911,84.9,2020
4912,70.12,2020
4914,92.68,2020
4917,15.78,2020
4918,305.23,2020
4919,16.63,2020
4920,194.12,2020
4922,39.34,2020
4923,34.13,2020
4925,41.18,2020
4926,22.95,2020
4927,80.15,2020
4928,1.59,2020
4929,22.15,2020
4931,45.59,2020
4932,58.52,2020
4933,469.24,2020
4934,895.1,2020
4935,253.91,2020
4936,54.73,2020
4937,1514.52,2020
4951,42.76,2020
4956,93.23,2020
4957,25.32,2020
4958,25.17,2020
4960,221.78,2020
4966,25.64,2020
4967,35.79,2020
4968,58.46,2020
4970,316.98,2020
4971,25.63,2020
4972,50.25,2020
4973,15.64,2020
4974,7.56,2020
4975,29.58,2020
4976,22.44,2020
4977,94.39,2020
4978,3.32,2020
4979,228.01,2020
4980,91.78,2020
4985,99.34,2020
4990,129.64,2020
4992,69.36,2020
4994,45.66,2020
4995,216.48,2020
4996,42.66,2020
4997,27.94,2020
4998,137.6,2020
5142,88.55,2020
5208,25.03,2020
6776,158.92,2020
6988,42.35,2020
7871,59.62,2020
7874,83.21,2020
7877,38.2,2020
7886,295.87,2020
7888,90.96,2020
7894,99.2,2020
7908,28.76,2020
7917,50.05,2020
7925,17.24,2020
7927,193.8,2020
7928,21.45,2020
7931,18.37,2020
7940,238.51,2020
7942,69.13,2020
7947,148.97,2020
7950,13.65,2020
7970,51.23,2020
7971,135.07,2020
7988,73.29,2020
7995,50.38,2020
8113,40.6,2020
9385,188.2,2020
9845,80.29,2020
130A,0,2020
2160,9.49,2020
4151,12.64,2020
4502,105.2,2020
4503,118.28,2020
4506,16.1,2020
4507,14.84,2020
4512,29.09,2020
4516,21.4,2020
4519,21.65,2020
4521,27.61,2020
4523,66.35,2020
4524,44.83,2020
4527,32.16,2020
4528,16.64,2020
4530,14.04,2020
4534,24.26,2020
4536,21.36,2020
4538,118.28,2020
4539,206.06,2020
4540,40.1,2020
4547,13.86,2020
4548,9.66,2020
4549,35.02,2020
4552,38.38,2020
4553,99.14,2020
4554,47.87,2020
4556,61.16,2020
4558,150.49,2020
4559,90.06,2020
4563,4.35,2020
4564,11.71,2020
4565,1.96,2020
4568,69.24,2020
4569,62.3,2020
4570,36.05,2020
4571,46.42,2020
4572,40.33,2020
4574,23.35,2020
4575,38.02,2020
4576,41.02,2020
4577,50.85,2020
4578,18.42,2020
4579,4.37,2020
4582,23.1,2020
4583,7.16,2020
4584,15.57,2020
4586,6.79,2020
4587,19.89,2020
4588,26.86,2020
4591,73.28,2020
4592,47.52,2020
4593,136.69,2020
4594,4.14,2020
4595,69.6,2020
4596,7.93,2020
4597,25.95,2020
4598,1.8,2020
4599,3.51,2020
4880,14.56,2020
4881,9.14,2020
4882,2.41,2020
4883,2.02,2020
4884,16.2,2020
4885,2476.97,2020
4888,119.19,2020
4889,0,2020
4890,0,2020
4891,0,2020
4892,0,2020
4893,0,2020
4894,0,2020
4896,0,2020
3315,153.43,2020
5010,202.45,2020
5011,53.07,2020
5013,62.53,2020
5015,25.84,2020
5017,440.92,2020
5018,72.57,2020
5019,302.86,2020
5020,108.53,2020
5021,715.59,2020
5101,108.32,2020
5103,16.22,2020
5105,100.91,2020
5108,50.7,2020
5110,130.24,2020
5121,45.85,2020
5122,68.19,2020
5161,64.93,2020
5162,147.35,2020
5184,56.35,2020
5185,105.34,2020
5186,22.62,2020
5189,104.97,2020
5191,186.6,2020
5192,70.27,2020
5194,78.43,2020
5195,69.06,2020
5199,316.31,2020
3110,62.81,2020
4026,174.59,2020
5201,82.65,2020
5202,104.78,2020
5204,202.94,2020
5210,85.89,2020
5214,36.53,2020
5216,0,2020
5218,30.57,2020
5232,71.13,2020
5233,113.26,2020
5237,82.04,2020
5262,62.49,2020
5268,56.85,2020
5269,123.19,2020
5271,336.31,2020
5273,64.33,2020
5279,127.12,2020
5282,65.51,2020
5284,252.58,2020
5285,229.46,2020
5287,51.18,2020
5288,2.73,2020
5290,7.51,2020
5301,140.48,2020
5302,33.55,2020
5304,32.9,2020
5310,17.03,2020
5331,54.18,2020
5332,69.51,2020
5333,92.31,2020
5334,63.24,2020
5337,13.54,2020
5341,197.05,2020
5342,101.64,2020
5343,874.25,2020
5344,20.49,2020
5351,77.19,2020
5352,129.49,2020
5355,169.76,2020
5356,86.59,2020
5357,35.11,2020
5363,54.33,2020
5367,38.5,2020
5368,61.06,2020
5380,107.92,2020
5381,153.7,2020
5384,15.23,2020
5386,45.51,2020
5388,13.37,2020
5391,179.77,2020
5393,86.43,2020
7943,88.82,2020
5401,163.6,2020
5406,195.74,2020
5408,63.61,2020
5410,108.27,2020
5411,141.08,2020
5423,47.49,2020
5440,34.3,2020
5444,23.55,2020
5445,53.62,2020
5446,49.96,2020
5449,30.79,2020
5451,24.15,2020
5458,122.79,2020
5461,20.33,2020
5463,13.08,2020
5464,39.04,2020
5471,133.05,2020
5476,100.77,2020
5480,209.61,2020
5482,83.02,2020
5484,15.01,2020
5491,189.67,2020
5541,12.78,2020
5542,62.92,2020
5563,52.24,2020
5602,105.83,2020
5603,132.52,2020
5607,120.91,2020
5609,102.71,2020
5612,113.53,2020
5632,94.54,2020
5644,112.86,2020
5658,22.74,2020
5659,38.4,2020
5660,101.43,2020
5695,28.04,2020
5697,100.29,2020
5698,16.72,2020
5699,52.17,2020
7305,67.98,2020
1491,16.41,2020
5702,124.83,2020
5703,102.43,2020
5704,63.31,2020
5706,178.03,2020
5707,143.45,2020
5711,173.74,2020
5713,65.45,2020
5714,123.63,2020
5715,165.36,2020
5721,7.4,2020
5724,102.29,2020
5726,135.91,2020
5727,86.38,2020
5729,51.02,2020
5741,205.07,2020
5742,69.49,2020
5753,71.15,2020
5757,14.51,2020
5801,185.85,2020
5802,72.54,2020
5803,275.64,2020
5805,167.85,2020
5816,70.04,2020
5817,73.03,2020
5819,13.02,2020
5820,71.99,2020
5821,48.09,2020
5851,113.04,2020
5852,92.16,2020
5857,37.62,2020
5858,0,2020
2961,135.51,2020
2962,0,2020
3420,67.72,2020
3421,33.89,2020
3422,397.13,2020
3423,129.56,2020
3426,34.34,2020
3431,0.18,2020
3433,45.21,2020
3434,91.96,2020
3435,34.45,2020
3436,98.28,2020
3437,78.53,2020
3439,110.96,2020
3440,38.41,2020
3441,119.03,2020
3442,21.61,2020
3443,5.95,2020
3444,37.65,2020
3445,20.19,2020
3446,17.29,2020
3447,85.74,2020
3448,0,2020
3449,49.29,2020
3450,0,2020
5900,24.9,2020
5901,52.86,2020
5902,176.36,2020
5903,25.82,2020
5905,106.91,2020
5906,112.37,2020
5909,41.82,2020
5911,38.02,2020
5915,90.49,2020
5918,33.13,2020
5921,16.85,2020
5922,152.39,2020
5923,43.8,2020
5928,27.24,2020
5929,55.6,2020
5930,108.85,2020
5932,213.99,2020
5933,93.36,2020
5936,188.95,2020
5938,40.32,2020
5939,90.59,2020
5940,351.07,2020
5941,69.61,2020
5942,66.46,2020
5943,66.1,2020
5945,9.3,2020
5946,5.47,2020
5947,23.15,2020
5950,236.37,2020
5951,19.33,2020
5952,311.81,2020
5953,214.96,2020
5955,19.76,2020
5956,83.72,2020
5957,37.4,2020
5958,72.4,2020
5959,51.25,2020
5965,102.2,2020
5966,34.41,2020
5967,22.83,2020
5969,99.37,2020
5970,62.53,2020
5971,19.53,2020
5973,29.52,2020
5974,122.3,2020
5975,53.34,2020
5976,27.09,2020
5979,15.02,2020
5981,246.1,2020
5982,50.12,2020
5983,22.1,2020
5984,21.55,2020
5985,26.04,2020
5986,82.91,2020
5987,74.79,2020
5988,16.77,2020
5989,83.68,2020
5990,33.03,2020
5991,118.58,2020
5992,37.94,2020
5994,163.75,2020
5997,85.69,2020
5998,767.97,2020
7985,215.88,2020
7989,35.58,2020
1301,289.09,2021
1332,280.18,2021
1333,343.13,2021
1375,0.07,2021
1376,130.18,2021
1377,9.45,2021
1379,84.27,2021
1380,173.31,2021
1381,14.19,2021
1382,111.19,2021
1383,356.32,2021
1384,33.22,2021
1514,1.86,2021
1515,61.68,2021
1605,43.23,2021
1662,16.35,2021
1663,4.23,2021
1401,39.4,2021
1407,280.59,2021
1414,0.08,2021
1417,46.17,2021
1418,90.41,2021
1419,409.94,2021
1420,262.34,2021
1429,109.75,2021
1430,195.06,2021
1431,75.1,2021
1432,236.99,2021
1433,92.57,2021
1434,119.77,2021
1436,76.85,2021
1438,35.49,2021
1443,0.21,2021
1444,28.49,2021
1445,0,2021
1446,118.54,2021
1447,36.97,2021
1449,68.17,2021
144A,0,2021
1450,32.24,2021
1452,94.1,2021
1711,1657.89,2021
1712,71.15,2021
1716,16.73,2021
1718,54.53,2021
1719,149.18,2021
1720,136.71,2021
1721,20.03,2021
1723,61.24,2021
1724,194,2021
1726,243.58,2021
1736,65.11,2021
1738,86.94,2021
1743,68.72,2021
1758,45.76,2021
1762,64.02,2021
1764,235,2021
1766,111.1,2021
1768,68.14,2021
1770,90.16,2021
1771,67.1,2021
1776,131.16,2021
1777,82.92,2021
1780,34.62,2021
1786,61.61,2021
1787,48.48,2021
1788,58.6,2021
1793,42.57,2021
1795,75.3,2021
1798,193.11,2021
1799,14.55,2021
1801,173.25,2021
1802,159.8,2021
1803,158.72,2021
1807,99.54,2021
1808,95.15,2021
1810,73.99,2021
1811,156.3,2021
1812,182.97,2021
1813,91.65,2021
1814,136.76,2021
1815,236.3,2021
1820,149.56,2021
1821,265.97,2021
1822,136.69,2021
1826,106.12,2021
1827,148.21,2021
1828,83.35,2021
1832,64.59,2021
1833,84.55,2021
1835,68.29,2021
1840,2.57,2021
1841,27.11,2021
1844,118.94,2021
1847,141.11,2021
1848,188.77,2021
1850,227.18,2021
1852,150.99,2021
1853,93.93,2021
1860,132.69,2021
1861,166.62,2021
1866,63.98,2021
1867,137.85,2021
1869,76.11,2021
1870,108.68,2021
1871,137.35,2021
1873,75.19,2021
1879,57.2,2021
1882,118.2,2021
1884,73.81,2021
1885,205.05,2021
1887,84.18,2021
1888,174.7,2021
1890,130.12,2021
1892,308,2021
1893,231.09,2021
1897,16.55,2021
1898,104.66,2021
1899,92.01,2021
1904,82.61,2021
1905,55.74,2021
1911,337.79,2021
1914,26.11,2021
1921,39.48,2021
1925,126.92,2021
1926,48.52,2021
1928,82.29,2021
1929,88.11,2021
1930,48.47,2021
1934,67.37,2021
1938,64.64,2021
1939,63.33,2021
1941,23.4,2021
1942,90.84,2021
1944,38.06,2021
1945,37.55,2021
1946,185.61,2021
1948,62.67,2021
1949,82.09,2021
1950,57.36,2021
1951,70.3,2021
1952,119.19,2021
1959,92.08,2021
1960,33.44,2021
1961,113.01,2021
1963,46.13,2021
1964,123.2,2021
1965,53.98,2021
1966,147.56,2021
1967,40.93,2021
1968,87.19,2021
1969,107.27,2021
1972,66.09,2021
1975,160.71,2021
1976,24.04,2021
1979,58.97,2021
1980,82.17,2021
1981,60.46,2021
1982,41.52,2021
1992,74.82,2021
1994,30.79,2021
1997,71.79,2021
1999,126,2021
3267,53.31,2021
5070,267.71,2021
5071,52.33,2021
5072,0,2021
5074,37.54,2021
5075,8.06,2021
5077,44.35,2021
5078,75.82,2021
5079,76.94,2021
6330,1637.12,2021
6366,1734.73,2021
6379,48.14,2021
2001,71.7,2021
2002,31.65,2021
2003,33.65,2021
2004,95.74,2021
2009,19.71,2021
2053,49.57,2021
2055,55.39,2021
2058,124.02,2021
2060,111.95,2021
2108,51.69,2021
2109,34.26,2021
2112,178.03,2021
2114,18.33,2021
2117,15.53,2021
2201,89.08,2021
2204,66.1,2021
2206,47.72,2021
2207,60.56,2021
2208,60.87,2021
2209,51.63,2021
2211,36.96,2021
2212,75.95,2021
2215,120.73,2021
2216,76.99,2021
2217,42.72,2021
2218,216.01,2021
2220,69.34,2021
2221,34.11,2021
2222,32.31,2021
2224,184.16,2021
2226,68.07,2021
2229,28.24,2021
2264,192.82,2021
2266,105.43,2021
2267,94.43,2021
2268,78.49,2021
2269,44.44,2021
2270,121.89,2021
2281,108.26,2021
2282,147.26,2021
2286,265.3,2021
2288,59.1,2021
2291,271.72,2021
2292,72.01,2021
2293,281.77,2021
2294,31.3,2021
2296,12.14,2021
2501,180.38,2021
2502,177.39,2021
2503,99.53,2021
2531,62,2021
2533,106.82,2021
2540,14.48,2021
2551,266.78,2021
2573,19.92,2021
2579,71.53,2021
2585,2041.69,2021
2586,479.46,2021
2587,59.79,2021
2588,149.3,2021
2590,40.62,2021
2593,80.21,2021
2594,35.59,2021
2597,117.33,2021
2602,97.41,2021
2607,94.13,2021
2612,34.19,2021
2613,69.34,2021
2801,154.02,2021
2802,225.05,2021
2804,21.74,2021
2805,123.25,2021
2806,15.83,2021
2809,60.52,2021
2810,14.7,2021
2811,74.44,2021
2813,127.5,2021
2814,8.43,2021
2815,9.12,2021
2816,73.53,2021
2818,63.7,2021
2819,47.93,2021
2820,118.92,2021
2830,55.26,2021
2831,80.32,2021
2871,91.75,2021
2872,137.98,2021
2875,47.7,2021
2876,114.24,2021
2877,182.99,2021
2882,157.07,2021
2883,37.27,2021
2884,536.74,2021
2892,84.63,2021
2894,103.5,2021
2897,62.12,2021
2901,0,2021
2902,23.09,2021
2903,139.16,2021
2904,100.47,2021
2907,87.65,2021
2908,17.69,2021
2910,19.75,2021
2911,41.2,2021
2914,86.98,2021
2915,58.45,2021
2916,90.77,2021
2917,24.58,2021
2918,3.58,2021
2919,26.18,2021
2922,86.96,2021
2923,130.33,2021
2924,74.82,2021
2926,31.41,2021
2927,65.03,2021
2929,109.14,2021
2931,61.07,2021
2932,161.72,2021
2933,546.62,2021
2934,141.38,2021
2936,0,2021
2937,0,2021
2938,0,2021
3069,158.81,2021
409A,0,2021
4404,103.75,2021
4526,111.28,2021
3001,177.18,2021
3002,35.52,2021
3101,160.21,2021
3103,367.06,2021
3104,31.21,2021
3106,61.49,2021
3109,171.12,2021
3111,640.92,2021
3123,113.15,2021
3201,25.61,2021
3202,391.26,2021
3204,173.51,2021
3205,95.13,2021
3302,24.14,2021
3401,118.29,2021
3402,141.06,2021
3409,185.38,2021
3501,193.31,2021
3504,0.19,2021
3512,31.66,2021
3513,38.2,2021
3524,247.14,2021
3529,17.53,2021
3551,155.75,2021
3569,99.41,2021
3571,14.41,2021
3577,79.71,2021
3580,30.88,2021
3583,85.18,2021
3591,19.17,2021
3593,15.88,2021
3597,24.91,2021
3598,108.64,2021
3600,11.57,2021
3607,91.18,2021
3608,38.94,2021
3611,57.23,2021
3612,198.41,2021
8011,60.8,2021
8013,49.67,2021
8016,83.54,2021
8029,73.1,2021
8040,111.43,2021
8107,140.86,2021
8111,107.57,2021
8118,14.72,2021
8127,32.6,2021
8143,67.14,2021
3708,29.53,2021
3861,178.39,2021
3863,281.57,2021
3864,243.13,2021
3865,126.62,2021
3877,167.46,2021
3880,373.91,2021
3891,44.39,2021
3892,46.96,2021
3895,84.27,2021
3896,233.18,2021
3941,243.21,2021
3943,46.37,2021
3944,105.59,2021
3945,438.1,2021
3946,106.35,2021
3947,61.38,2021
3948,32.17,2021
3950,37.15,2021
3951,106.96,2021
3953,42.59,2021
3954,55.66,2021
3955,36.05,2021
3958,0,2021
2930,35.75,2021
3405,144.26,2021
3407,157.89,2021
3553,54.55,2021
3878,478.09,2021
4004,202.12,2021
4005,399.93,2021
4008,31.87,2021
4021,37.17,2021
4022,137.61,2021
4023,34.64,2021
4025,60.08,2021
4027,31.45,2021
4028,124.1,2021
4031,78.38,2021
4040,0,2021
4041,45.2,2021
4042,30.6,2021
4043,139.03,2021
4044,73.87,2021
4045,36.96,2021
4046,57.71,2021
4047,76.2,2021
4061,123.33,2021
4063,40.76,2021
4064,124.55,2021
4078,59.97,2021
4080,101.54,2021
4082,71.97,2021
4088,131.13,2021
4091,324.38,2021
4092,89.72,2021
4093,113,2021
4094,14.59,2021
4095,38.96,2021
4097,48.69,2021
4098,90.06,2021
4099,45.07,2021
4100,249.15,2021
4102,79.47,2021
4107,19.7,2021
4109,46.53,2021
4112,41.96,2021
4113,88.87,2021
4114,32.6,2021
4116,130.32,2021
4118,85.97,2021
4119,116.36,2021
4120,74.56,2021
4124,13.74,2021
4125,242.07,2021
4182,46.32,2021
4183,208.43,2021
4186,22.57,2021
4187,27.13,2021
4188,368.8,2021
4189,122.15,2021
4202,58.82,2021
4203,59.79,2021
4204,115.66,2021
4205,68.31,2021
4206,25.54,2021
4208,162.69,2021
4212,36.11,2021
4216,38.2,2021
4218,62.37,2021
4220,36.22,2021
4221,96.3,2021
4222,0,2021
4224,44.59,2021
4228,108.21,2021
4229,20.34,2021
4231,35.33,2021
4234,77.72,2021
4235,150.57,2021
4237,72.47,2021
4238,20,2021
4240,9.56,2021
4241,202.19,2021
4242,319.73,2021
4243,48.84,2021
4245,231.85,2021
4246,85.42,2021
4247,20.31,2021
4248,132.83,2021
4249,33.61,2021
4250,342.4,2021
4251,151.49,2021
4272,34.02,2021
4274,51.69,2021
4275,43.96,2021
4361,272.08,2021
4362,32.06,2021
4365,17.99,2021
4366,41.73,2021
4367,41.93,2021
4368,15.63,2021
4369,63.31,2021
4401,44.66,2021
4403,41.92,2021
4406,137.17,2021
4409,305.64,2021
4410,37.96,2021
4452,60.7,2021
4461,159.94,2021
4462,18.48,2021
4463,189.23,2021
4464,8.72,2021
4465,67.16,2021
4471,31.37,2021
4531,91.97,2021
4611,103.88,2021
4612,149.92,2021
4613,76.96,2021
4615,116.05,2021
4616,196.21,2021
4617,68.99,2021
4619,75.62,2021
4620,25.63,2021
4623,42.69,2021
4624,21.51,2021
4625,43.75,2021
4626,106.45,2021
4627,27.95,2021
4628,18.89,2021
4629,59.03,2021
4631,130.28,2021
4633,63.18,2021
4634,52.98,2021
4635,84.86,2021
4901,48.18,2021
4911,85.69,2021
4912,78.9,2021
4914,91.02,2021
4917,17.16,2021
4918,224.45,2021
4919,18.18,2021
4920,283.21,2021
4922,29.41,2021
4923,33.72,2021
4925,42.02,2021
4926,24.21,2021
4927,84.24,2021
4928,2.12,2021
4929,20.19,2021
4931,40.05,2021
4932,44.79,2021
4933,85.42,2021
4934,372.53,2021
4935,171.87,2021
4936,28.36,2021
4937,631.68,2021
4951,40.73,2021
4956,84.75,2021
4957,39.51,2021
4958,21.81,2021
4960,215.96,2021
4966,22.73,2021
4967,31.62,2021
4968,62.82,2021
4970,270.23,2021
4971,24.09,2021
4972,44.07,2021
4973,17.87,2021
4974,9.88,2021
4975,28.67,2021
4976,20.47,2021
4977,89.7,2021
4978,5.1,2021
4979,194.38,2021
4980,87.81,2021
4985,78.11,2021
4990,123.94,2021
4992,63.14,2021
4994,40.09,2021
4995,207.55,2021
4996,49.15,2021
4997,41.64,2021
4998,119.42,2021
5142,82.95,2021
5208,32.51,2021
6776,147.07,2021
6988,46.35,2021
7871,56.59,2021
7874,114.22,2021
7877,29.14,2021
7886,290.84,2021
7888,90.52,2021
7894,100.15,2021
7908,26.78,2021
7917,42.13,2021
7925,16.69,2021
7927,159.59,2021
7928,17.61,2021
7931,26.33,2021
7940,220.54,2021
7942,65.1,2021
7947,129.91,2021
7950,13.72,2021
7970,38.96,2021
7971,143.17,2021
7988,84.48,2021
7995,43.38,2021
8113,45.96,2021
9385,246.2,2021
9845,62.83,2021
130A,0,2021
2160,8.46,2021
4151,23.77,2021
4502,126.22,2021
4503,98.36,2021
4506,54,2021
4507,9.49,2021
4512,33.78,2021
4516,18.3,2021
4519,28.56,2021
4521,21.41,2021
4523,43.26,2021
4524,43.73,2021
4527,37.79,2021
4528,18.06,2021
4530,17.99,2021
4534,25.15,2021
4536,19.97,2021
4538,114.08,2021
4539,211.66,2021
4540,37.63,2021
4547,16.93,2021
4548,13.86,2021
4549,34.77,2021
4552,47.84,2021
4553,104.05,2021
4554,49.73,2021
4556,53.94,2021
4558,146.33,2021
4559,96.65,2021
4563,16.4,2021
4564,8,2021
4565,28.57,2021
4568,64.91,2021
4569,47.16,2021
4570,18.19,2021
4571,2.02,2021
4572,26.94,2021
4574,70.97,2021
4575,679.47,2021
4576,25.53,2021
4577,49.59,2021
4578,18.83,2021
4579,5.45,2021
4582,40.05,2021
4583,12.46,2021
4584,142.45,2021
4586,7.16,2021
4587,23.89,2021
4588,39.73,2021
4591,4.07,2021
4592,38.89,2021
4593,238.27,2021
4594,7.52,2021
4595,59.95,2021
4596,3.78,2021
4597,160.41,2021
4598,5.11,2021
4599,4,2021
4880,15.15,2021
4881,4.26,2021
4882,12.58,2021
4883,0.49,2021
4884,7.36,2021
4885,1798.81,2021
4888,285.36,2021
4889,62.96,2021
4890,60.61,2021
4891,0,2021
4892,41.73,2021
4893,0,2021
4894,0,2021
4896,0,2021
3315,125.15,2021
5010,301.66,2021
5011,53.12,2021
5013,57.05,2021
5015,26.32,2021
5017,745.53,2021
5018,69.86,2021
5019,263.24,2021
5020,127.58,2021
5021,787.11,2021
5101,91.23,2021
5103,18.63,2021
5105,103.69,2021
5108,62.23,2021
5110,111.37,2021
5121,47.13,2021
5122,64.68,2021
5161,55.77,2021
5162,147.98,2021
5184,48.87,2021
5185,91.33,2021
5186,18,2021
5189,113.93,2021
5191,158.1,2021
5192,74.62,2021
5194,95.83,2021
5195,88.87,2021
5199,303.55,2021
3110,78.05,2021
4026,153.32,2021
5201,113.51,2021
5202,115.53,2021
5204,213.58,2021
5210,100.34,2021
5214,38.05,2021
5216,318.6,2021
5218,36.52,2021
5232,67.89,2021
5233,104.95,2021
5237,62.61,2021
5262,55.82,2021
5268,45.65,2021
5269,115.54,2021
5271,324.59,2021
5273,68.31,2021
5279,101.18,2021
5282,56,2021
5284,280.22,2021
5285,200,2021
5287,69.33,2021
5288,2.6,2021
5290,14.91,2021
5301,152.09,2021
5302,20.78,2021
5304,18.71,2021
5310,14.85,2021
5331,52.84,2021
5332,66.33,2021
5333,87.01,2021
5334,74.22,2021
5337,37.94,2021
5341,99.79,2021
5342,117.34,2021
5343,763.19,2021
5344,21.01,2021
5351,63.41,2021
5352,108.73,2021
5355,152.7,2021
5356,88.59,2021
5357,26.12,2021
5363,49.94,2021
5367,40.08,2021
5368,46.51,2021
5380,100.27,2021
5381,160.25,2021
5384,13.96,2021
5386,39.16,2021
5388,16.96,2021
5391,155.6,2021
5393,79.49,2021
7943,84.23,2021
5401,246.35,2021
5406,237.78,2021
5408,52.74,2021
5410,98.95,2021
5411,163.93,2021
5423,37.28,2021
5440,33.05,2021
5444,25.56,2021
5445,36.46,2021
5446,39.17,2021
5449,31.87,2021
5451,18.68,2021
5458,99.44,2021
5461,15.32,2021
5463,11.42,2021
5464,34.09,2021
5471,129.13,2021
5476,93.62,2021
5480,204.54,2021
5482,75.76,2021
5484,13.69,2021
5491,206.23,2021
5541,11.09,2021
5542,53.85,2021
5563,46.35,2021
5602,107.09,2021
5603,123.64,2021
5607,98.22,2021
5609,92.47,2021
5612,113.75,2021
5632,158.24,2021
5644,106.71,2021
5658,21.48,2021
5659,37.12,2021
5660,95.76,2021
5695,25.4,2021
5697,76.73,2021
5698,87,2021
5699,64.88,2021
7305,73.52,2021
1491,20.59,2021
5702,100.15,2021
5703,99.51,2021
5704,81.44,2021
5706,199.18,2021
5707,191.06,2021
5711,238.41,2021
5713,56.16,2021
5714,138.86,2021
5715,167.59,2021
5721,7.32,2021
5724,117.93,2021
5726,119.12,2021
5727,81.12,2021
5729,37.02,2021
5741,187.01,2021
5742,58.71,2021
5753,40.67,2021
5757,16.92,2021
5801,182.27,2021
5802,72.42,2021
5803,354.63,2021
5805,154.09,2021
5816,70.71,2021
5817,93.23,2021
5819,10.38,2021
5820,59.53,2021
5821,54.08,2021
5851,119.75,2021
5852,96.5,2021
5857,42.76,2021
5858,0,2021
2961,123.8,2021
2962,0,2021
3420,56.14,2021
3421,32.85,2021
3422,280.12,2021
3423,131.63,2021
3426,30.07,2021
3431,0.2,2021
3433,45.18,2021
3434,116.68,2021
3435,35.58,2021
3436,91.47,2021
3437,70.36,2021
3439,101.01,2021
3440,15.91,2021
3441,140.22,2021
3442,21.68,2021
3443,2.61,2021
3444,34.61,2021
3445,24.33,2021
3446,6.68,2021
3447,67.44,2021
3448,0,2021
3449,40.9,2021
3450,197.47,2021
5900,24.56,2021
5901,47.16,2021
5902,175.63,2021
5903,25.32,2021
5905,110.93,2021
5906,111.48,2021
5909,40.92,2021
5911,39.7,2021
5915,86.72,2021
5918,30.01,2021
5921,20.55,2021
5922,98.01,2021
5923,38.5,2021
5928,26.25,2021
5929,65.07,2021
5930,104.58,2021
5932,205.22,2021
5933,88.22,2021
5936,152.47,2021
5938,23.44,2021
5939,69.83,2021
5940,352.47,2021
5941,63.5,2021
5942,64.13,2021
5943,61.76,2021
5945,7.61,2021
5946,5.34,2021
5947,22.43,2021
5950,245.21,2021
5951,18.77,2021
5952,335.62,2021
5953,219.38,2021
5955,20.35,2021
5956,88.04,2021
5957,33.77,2021
5958,69.17,2021
5959,49.13,2021
5965,176.66,2021
5966,34.48,2021
5967,20.64,2021
5969,97.54,2021
5970,66.23,2021
5971,16.15,2021
5973,29.01,2021
5974,126.42,2021
5975,92.4,2021
5976,23,2021
5979,15.51,2021
5981,317.28,2021
5982,45.41,2021
5983,22.47,2021
5984,17.34,2021
5985,27.54,2021
5986,64,2021
5987,73.23,2021
5988,15.24,2021
5989,75.87,2021
5990,28.51,2021
5991,117.83,2021
5992,38.17,2021
5994,163.13,2021
5997,75.01,2021
5998,769.54,2021
7985,192.95,2021
7989,32.47,2021
1301,224.92,2022
1332,223.59,2022
1333,298.83,2022
1375,99.68,2022
1376,120.09,2022
1377,9.26,2022
1379,74.33,2022
1380,160.96,2022
1381,15.63,2022
1382,70.43,2022
1383,348.92,2022
1384,28.97,2022
1514,1,2022
1515,61.58,2022
1605,44.18,2022
1662,29.05,2022
1663,3.88,2022
1401,36.61,2022
1407,240.45,2022
1414,0.09,2022
1417,48.64,2022
1418,70.29,2022
1419,296.62,2022
1420,217.98,2022
1429,129.88,2022
1430,177.58,2022
1431,78.34,2022
1432,240,2022
1433,130.57,2022
1434,157.35,2022
1436,80.86,2022
1438,35.72,2022
1443,33.09,2022
1444,24.28,2022
1445,0,2022
1446,94.83,2022
1447,51.04,2022
1449,100.55,2022
144A,0,2022
1450,46.58,2022
1452,94.56,2022
1711,105.71,2022
1712,61.89,2022
1716,18.82,2022
1718,82.96,2022
1719,132.99,2022
1720,128.97,2022
1721,29.09,2022
1723,40.82,2022
1724,106.7,2022
1726,140.36,2022
1736,53.08,2022
1738,88.82,2022
1743,59,2022
1758,38.02,2022
1762,105.07,2022
1764,208.58,2022
1766,102.13,2022
1768,48.57,2022
1770,78.22,2022
1771,60.39,2022
1776,119.86,2022
1777,71.9,2022
1780,34.13,2022
1786,65.08,2022
1787,50.96,2022
1788,82.62,2022
1793,37.79,2022
1795,64.78,2022
1798,155.74,2022
1799,18.75,2022
1801,145.77,2022
1802,135.12,2022
1803,134.27,2022
1807,85.73,2022
1808,134.43,2022
1810,75.82,2022
1811,107.98,2022
1812,144.18,2022
1813,81.59,2022
1814,114.84,2022
1815,194.29,2022
1820,128.42,2022
1821,257.04,2022
1822,134.77,2022
1826,78.23,2022
1827,133.26,2022
1828,81.77,2022
1832,58.98,2022
1833,86.22,2022
1835,51.14,2022
1840,2.05,2022
1841,17.91,2022
1844,100.36,2022
1847,119.58,2022
1848,168.91,2022
1850,233.06,2022
1852,113.45,2022
1853,79.51,2022
1860,136.76,2022
1861,141.2,2022
1866,90.76,2022
1867,107.38,2022
1869,73.23,2022
1870,151.13,2022
1871,128.51,2022
1873,91.19,2022
1879,50.76,2022
1882,108.46,2022
1884,69.51,2022
1885,190.98,2022
1887,79.29,2022
1888,183.9,2022
1890,128.9,2022
1892,237.35,2022
1893,218.89,2022
1897,17.25,2022
1898,103.54,2022
1899,66.27,2022
1904,54.06,2022
1905,47.21,2022
1911,159.63,2022
1914,31.59,2022
1921,45.21,2022
1925,126.4,2022
1926,49.32,2022
1928,83.16,2022
1929,80.02,2022
1930,39.07,2022
1934,63.57,2022
1938,56.93,2022
1939,70.21,2022
1941,22.14,2022
1942,65.41,2022
1944,36.43,2022
1945,39.99,2022
1946,182.02,2022
1948,54.57,2022
1949,71.78,2022
1950,52.51,2022
1951,67.17,2022
1952,90.94,2022
1959,77.14,2022
1960,29.16,2022
1961,92.04,2022
1963,44.7,2022
1964,70.89,2022
1965,51.41,2022
1966,159.62,2022
1967,38.6,2022
1968,75.34,2022
1969,96.92,2022
1972,52.32,2022
1975,111.13,2022
1976,22.63,2022
1979,48.26,2022
1980,77.31,2022
1981,54.53,2022
1982,37.15,2022
1992,83.23,2022
1994,29.14,2022
1997,53.99,2022
1999,119.04,2022
3267,43.14,2022
5070,98.74,2022
5071,44.5,2022
5072,0,2022
5074,5.57,2022
5075,20.8,2022
5077,31.99,2022
5078,64.38,2022
5079,64.83,2022
6330,1277.5,2022
6366,1193.04,2022
6379,32.14,2022
2001,69.92,2022
2002,32.04,2022
2003,31.57,2022
2004,108.76,2022
2009,22.72,2022
2053,49.69,2022
2055,56.56,2022
2058,136.79,2022
2060,113.03,2022
2108,50.79,2022
2109,40.63,2022
2112,180.57,2022
2114,18.77,2022
2117,16.43,2022
2201,74.82,2022
2204,62.8,2022
2206,42.29,2022
2207,57.49,2022
2208,54.02,2022
2209,33.16,2022
2211,40.63,2022
2212,84.99,2022
2215,141.38,2022
2216,80.42,2022
2217,43.28,2022
2218,202.15,2022
2220,69.92,2022
2221,36.25,2022
2222,25.48,2022
2224,157.52,2022
2226,83.94,2022
2229,27.93,2022
2264,181.99,2022
2266,82.54,2022
2267,73.29,2022
2268,85.99,2022
2269,45.09,2022
2270,115.43,2022
2281,100.08,2022
2282,146.09,2022
2286,183.98,2022
2288,55.87,2022
2291,264.44,2022
2292,59.04,2022
2293,262.53,2022
2294,27.11,2022
2296,16.7,2022
2501,151.24,2022
2502,147.66,2022
2503,98.28,2022
2531,69.16,2022
2533,109.08,2022
2540,15.17,2022
2551,272.62,2022
2573,22.08,2022
2579,54.46,2022
2585,589.12,2022
2586,72.78,2022
2587,52.07,2022
2588,256.07,2022
2590,48.8,2022
2593,97.08,2022
2594,41.88,2022
2597,118.82,2022
2602,100.93,2022
2607,90.29,2022
2612,21.57,2022
2613,70.75,2022
2801,156.84,2022
2802,203.9,2022
2804,22.73,2022
2805,101.68,2022
2806,16.41,2022
2809,68.01,2022
2810,15.34,2022
2811,51.37,2022
2813,130.78,2022
2814,9.1,2022
2815,10.58,2022
2816,76.28,2022
2818,66.76,2022
2819,50.26,2022
2820,88.21,2022
2830,39.42,2022
2831,76.39,2022
2871,85.37,2022
2872,97.04,2022
2875,44.27,2022
2876,96.66,2022
2877,165.81,2022
2882,55.29,2022
2883,31.33,2022
2884,349.35,2022
2892,81.76,2022
2894,134.99,2022
2897,65.38,2022
2901,139.84,2022
2902,24.4,2022
2903,131.59,2022
2904,65.07,2022
2907,77.54,2022
2908,19.27,2022
2910,25.25,2022
2911,34.87,2022
2914,85.1,2022
2915,49.49,2022
2916,81.46,2022
2917,29.22,2022
2918,9.07,2022
2919,26.62,2022
2922,76.94,2022
2923,107.51,2022
2924,65.38,2022
2926,28.98,2022
2927,164.36,2022
2929,140.49,2022
2931,24.88,2022
2932,83.77,2022
2933,399.35,2022
2934,104.74,2022
2936,275.94,2022
2937,1389.31,2022
2938,285.35,2022
3069,211.09,2022
409A,0,2022
4404,110.38,2022
4526,142.57,2022
3001,160.7,2022
3002,26.36,2022
3101,171.8,2022
3103,334.92,2022
3104,29.22,2022
3106,58.01,2022
3109,168.54,2022
3111,413.83,2022
3123,198.54,2022
3201,26.33,2022
3202,363.98,2022
3204,167.04,2022
3205,84.98,2022
3302,29.27,2022
3401,134.15,2022
3402,132.14,2022
3409,94.11,2022
3501,204.98,2022
3504,0.2,2022
3512,32.34,2022
3513,38.72,2022
3524,281.71,2022
3529,29.23,2022
3551,148.75,2022
3569,136.71,2022
3571,16.28,2022
3577,72.4,2022
3580,27.2,2022
3583,83.81,2022
3591,37.01,2022
3593,12.22,2022
3597,17.84,2022
3598,127.54,2022
3600,10.9,2022
3607,88.1,2022
3608,34.04,2022
3611,52.58,2022
3612,421.44,2022
8011,57.74,2022
8013,88.52,2022
8016,128.59,2022
8029,80.9,2022
8040,79.26,2022
8107,185.66,2022
8111,101.71,2022
8118,14.07,2022
8127,32.22,2022
8143,377.89,2022
3708,20.26,2022
3861,178.59,2022
3863,298.96,2022
3864,255.74,2022
3865,114.51,2022
3877,179.33,2022
3880,325.97,2022
3891,51.49,2022
3892,38.67,2022
3895,62.57,2022
3896,269.14,2022
3941,221.16,2022
3943,43.24,2022
3944,112.9,2022
3945,419.18,2022
3946,111.08,2022
3947,61.47,2022
3948,36.57,2022
3950,38.81,2022
3951,108.43,2022
3953,37.16,2022
3954,51.68,2022
3955,36.54,2022
3958,119.28,2022
2930,19.73,2022
3405,140.35,2022
3407,189.66,2022
3553,57.94,2022
3878,369.59,2022
4004,165.06,2022
4005,399.57,2022
4008,34.76,2022
4021,36.19,2022
4022,111.99,2022
4023,30.11,2022
4025,58.11,2022
4027,34.84,2022
4028,125.87,2022
4031,77.03,2022
4040,302.42,2022
4041,53.31,2022
4042,36.43,2022
4043,108.73,2022
4044,64.47,2022
4045,39.83,2022
4046,53.59,2022
4047,75.02,2022
4061,102.6,2022
4063,40.23,2022
4064,118.69,2022
4078,72.03,2022
4080,168.53,2022
4082,81.07,2022
4088,133.11,2022
4091,271.6,2022
4092,85.6,2022
4093,112.75,2022
4094,16.77,2022
4095,37.65,2022
4097,45.86,2022
4098,148.74,2022
4099,44.37,2022
4100,370.39,2022
4102,74.95,2022
4107,21.85,2022
4109,36.61,2022
4112,40.6,2022
4113,84.24,2022
4114,32.7,2022
4116,131.35,2022
4118,85.35,2022
4119,133.42,2022
4120,93.07,2022
4124,13.19,2022
4125,203.66,2022
4182,53.24,2022
4183,181.56,2022
4186,27.21,2022
4187,23.96,2022
4188,411.91,2022
4189,125.73,2022
4202,125.64,2022
4203,92.41,2022
4204,109.09,2022
4205,65.62,2022
4206,23.01,2022
4208,169.96,2022
4212,36.99,2022
4216,35.81,2022
4218,62.43,2022
4220,36.56,2022
4221,92.13,2022
4222,250.23,2022
4224,39.44,2022
4228,102.87,2022
4229,18.64,2022
4231,35.65,2022
4234,72,2022
4235,124.13,2022
4237,74.31,2022
4238,18.7,2022
4240,11.52,2022
4241,225.47,2022
4242,341.96,2022
4243,58.04,2022
4245,194.65,2022
4246,81.72,2022
4247,18.9,2022
4248,107.3,2022
4249,37.69,2022
4250,201.01,2022
4251,106.35,2022
4272,27.92,2022
4274,50.66,2022
4275,37.24,2022
4361,262.15,2022
4362,34,2022
4365,18.22,2022
4366,43.11,2022
4367,45.28,2022
4368,15.66,2022
4369,70.21,2022
4401,42.59,2022
4403,43.98,2022
4406,135.32,2022
4409,299.67,2022
4410,32.58,2022
4452,60.46,2022
4461,142.72,2022
4462,19.7,2022
4463,154.7,2022
4464,8.79,2022
4465,79.8,2022
4471,32.42,2022
4531,91.83,2022
4611,102.83,2022
4612,34.61,2022
4613,89.79,2022
4615,100.29,2022
4616,201.16,2022
4617,61.7,2022
4619,71.57,2022
4620,26.88,2022
4623,43.93,2022
4624,21.6,2022
4625,49.18,2022
4626,155.19,2022
4627,27.18,2022
4628,17.93,2022
4629,50.33,2022
4631,159.92,2022
4633,66.1,2022
4634,52.53,2022
4635,89.67,2022
4901,39.17,2022
4911,71.03,2022
4912,57.82,2022
4914,87.55,2022
4917,20.38,2022
4918,212.33,2022
4919,19.91,2022
4920,421.33,2022
4922,52.31,2022
4923,35.02,2022
4925,52.1,2022
4926,25.09,2022
4927,88.89,2022
4928,1.65,2022
4929,24.29,2022
4931,34.23,2022
4932,28.79,2022
4933,60.43,2022
4934,81.9,2022
4935,124.6,2022
4936,14.3,2022
4937,137.5,2022
4951,42.54,2022
4956,81.1,2022
4957,34,2022
4958,22.14,2022
4960,201.5,2022
4966,19.61,2022
4967,30.14,2022
4968,68.74,2022
4970,240.24,2022
4971,20.65,2022
4972,46.52,2022
4973,22.14,2022
4974,16.48,2022
4975,24.13,2022
4976,23.63,2022
4977,88.14,2022
4978,7.46,2022
4979,155.33,2022
4980,90.73,2022
4985,68.8,2022
4990,118.18,2022
4992,56.23,2022
4994,34.96,2022
4995,194.98,2022
4996,55.72,2022
4997,42.42,2022
4998,124.03,2022
5142,77.62,2022
5208,23.26,2022
6776,140.25,2022
6988,50.11,2022
7871,49.68,2022
7874,105.85,2022
7877,34.47,2022
7886,385.62,2022
7888,106.5,2022
7894,111.13,2022
7908,26.21,2022
7917,44.22,2022
7925,17.01,2022
7927,141.52,2022
7928,17.62,2022
7931,24.1,2022
7940,116.72,2022
7942,64.62,2022
7947,126.44,2022
7950,11.2,2022
7970,39.62,2022
7971,126.25,2022
7988,69.5,2022
7995,45.86,2022
8113,42.06,2022
9385,123.96,2022
9845,59.04,2022
130A,4.16,2022
2160,5.02,2022
4151,33.05,2022
4502,144.84,2022
4503,71.55,2022
4506,44.73,2022
4507,15.05,2022
4512,27.98,2022
4516,21.1,2022
4519,30.8,2022
4521,20.28,2022
4523,47.26,2022
4524,40.6,2022
4527,33.55,2022
4528,16.55,2022
4530,14.24,2022
4534,24.59,2022
4536,20.21,2022
4538,107.45,2022
4539,213.21,2022
4540,36.12,2022
4547,20.26,2022
4548,7.84,2022
4549,33.87,2022
4552,92.51,2022
4553,97.59,2022
4554,90.47,2022
4556,49.41,2022
4558,111.45,2022
4559,129.93,2022
4563,16.04,2022
4564,9.56,2022
4565,61.64,2022
4568,67.76,2022
4569,47.18,2022
4570,6.35,2022
4571,4.31,2022
4572,26.52,2022
4574,76.63,2022
4575,243.47,2022
4576,20.96,2022
4577,39.44,2022
4578,16.78,2022
4579,9.08,2022
4582,27.42,2022
4583,24,2022
4584,153.08,2022
4586,8.15,2022
4587,6.49,2022
4588,19.44,2022
4591,1.93,2022
4592,53.56,2022
4593,237.59,2022
4594,6.01,2022
4595,51.87,2022
4596,2.08,2022
4597,108.86,2022
4598,3.95,2022
4599,2.06,2022
4880,23.83,2022
4881,5.92,2022
4882,3.15,2022
4883,8.72,2022
4884,5.15,2022
4885,245.73,2022
4888,790,2022
4889,90.02,2022
4890,82.4,2022
4891,7.64,2022
4892,39.28,2022
4893,2.03,2022
4894,3.34,2022
4896,14.61,2022
3315,100.06,2022
5010,318.9,2022
5011,52.2,2022
5013,58.72,2022
5015,24.12,2022
5017,648.39,2022
5018,70.72,2022
5019,243.35,2022
5020,120.8,2022
5021,548.76,2022
5101,82.03,2022
5103,35.62,2022
5105,104.53,2022
5108,55.57,2022
5110,120.62,2022
5121,40.76,2022
5122,64.58,2022
5161,59.03,2022
5162,144.85,2022
5184,45.98,2022
5185,76.43,2022
5186,20.48,2022
5189,96.39,2022
5191,178.55,2022
5192,62.78,2022
5194,77.64,2022
5195,77.86,2022
5199,279.77,2022
3110,83.86,2022
4026,118.52,2022
5201,80.11,2022
5202,119.11,2022
5204,265.99,2022
5210,100.7,2022
5214,36.49,2022
5216,142.65,2022
5218,33.95,2022
5232,69.39,2022
5233,101.59,2022
5237,64.79,2022
5262,48.38,2022
5268,38.93,2022
5269,113.44,2022
5271,377.31,2022
5273,55.27,2022
5279,96.05,2022
5282,62.49,2022
5284,234.16,2022
5285,174.73,2022
5287,84.53,2022
5288,2.76,2022
5290,14.09,2022
5301,164.32,2022
5302,26.81,2022
5304,9.74,2022
5310,16.7,2022
5331,49.33,2022
5332,77.94,2022
5333,90.3,2022
5334,84.68,2022
5337,33.01,2022
5341,78.53,2022
5342,107.36,2022
5343,1455.47,2022
5344,22.34,2022
5351,59.81,2022
5352,95.29,2022
5355,137.11,2022
5356,70.42,2022
5357,21.27,2022
5363,47.49,2022
5367,39.37,2022
5368,41.22,2022
5380,93.49,2022
5381,170.58,2022
5384,17.27,2022
5386,35.93,2022
5388,20.64,2022
5391,160.72,2022
5393,79.79,2022
7943,66.46,2022
5401,258,2022
5406,250.69,2022
5408,56.55,2022
5410,99.82,2022
5411,168.29,2022
5423,42,2022
5440,33.9,2022
5444,31.48,2022
5445,38.53,2022
5446,63.46,2022
5449,34.79,2022
5451,25.66,2022
5458,101.97,2022
5461,14.45,2022
5463,12.61,2022
5464,30.79,2022
5471,119.54,2022
5476,108.14,2022
5480,195.02,2022
5482,85.54,2022
5484,15.81,2022
5491,223.46,2022
5541,14.73,2022
5542,55.85,2022
5563,44.69,2022
5602,96.99,2022
5603,122.75,2022
5607,104.17,2022
5609,84.34,2022
5612,109.98,2022
5632,170.88,2022
5644,104.07,2022
5658,19.26,2022
5659,40.52,2022
5660,97.83,2022
5695,19.58,2022
5697,83.78,2022
5698,34.2,2022
5699,60.21,2022
7305,64.67,2022
1491,25.62,2022
5702,107.38,2022
5703,104.83,2022
5704,73.09,2022
5706,243.6,2022
5707,155.01,2022
5711,260.86,2022
5713,61.57,2022
5714,158.9,2022
5715,137.71,2022
5721,7.68,2022
5724,101.23,2022
5726,161.69,2022
5727,110.72,2022
5729,45.66,2022
5741,191.85,2022
5742,73.21,2022
5753,48.9,2022
5757,18.79,2022
5801,199.95,2022
5802,80.55,2022
5803,432.28,2022
5805,126.28,2022
5816,73.22,2022
5817,90.97,2022
5819,10.48,2022
5820,56.02,2022
5821,52.1,2022
5851,133.84,2022
5852,118.38,2022
5857,47.61,2022
5858,0,2022
2961,114.79,2022
2962,140.48,2022
3420,46.65,2022
3421,35.22,2022
3422,160.57,2022
3423,141.79,2022
3426,29.9,2022
3431,0.21,2022
3433,38.37,2022
3434,107.29,2022
3435,32.72,2022
3436,60.58,2022
3437,44.24,2022
3439,126.64,2022
3440,12.44,2022
3441,116.22,2022
3442,21.94,2022
3443,1.75,2022
3444,39.69,2022
3445,41.26,2022
3446,46.3,2022
3447,64.64,2022
3448,0,2022
3449,37.4,2022
3450,229.61,2022
5900,23.28,2022
5901,44.88,2022
5902,191.26,2022
5903,27.62,2022
5905,101.25,2022
5906,106.15,2022
5909,41.56,2022
5911,38,2022
5915,73.01,2022
5918,31.67,2022
5921,17.08,2022
5922,88.74,2022
5923,41.5,2022
5928,26.92,2022
5929,73.32,2022
5930,87.08,2022
5932,202.98,2022
5933,87.76,2022
5936,133.8,2022
5938,171.35,2022
5939,70.73,2022
5940,324.51,2022
5941,58.24,2022
5942,63.59,2022
5943,49.57,2022
5945,9.84,2022
5946,5.02,2022
5947,23.97,2022
5950,135.16,2022
5951,19.91,2022
5952,330.21,2022
5953,184.78,2022
5955,20.53,2022
5956,70.46,2022
5957,35.97,2022
5958,54.33,2022
5959,48.23,2022
5965,82.16,2022
5966,29.71,2022
5967,17.24,2022
5969,99.94,2022
5970,56.14,2022
5971,18.76,2022
5973,24.08,2022
5974,120.58,2022
5975,103.97,2022
5976,21.67,2022
5979,15.01,2022
5981,343.86,2022
5982,38.06,2022
5983,20.3,2022
5984,15.04,2022
5985,34.11,2022
5986,63.39,2022
5987,81.39,2022
5988,18.28,2022
5989,81.98,2022
5990,30.29,2022
5991,122.55,2022
5992,41.54,2022
5994,172.88,2022
5997,74.58,2022
5998,661.36,2022
7985,162.22,2022
7989,29.3,2022
