,code,îNî≈,åéïΩãœécã∆éûä‘,óLãxéÊìæó¶/ëOä˙,ä«óùêEÅEèóê´î‰ó¶,ïΩãœîNóÓçáåv/ëOä˙,fusaiRate,ÉÅÉìÉ^ÉãÉwÉãÉXãxêEé“ó¶,ïΩãœîNä‘ããó^/ëOä˙ÅiëŒêîÅj,è]ã∆àıêîçáåv/ëOä˙ÅiëŒêîÅj,é©å»ìsçáó£êEó¶
0,5851,2018,21.3,60.6,0.0,42.5,116.91,0.007432818753573471,6.8156400989734385,3.2427898094786767,0.007411630558722919
1,5851,2019,23.0,60.1,3.5,42.5,113.04,0.006590772917914919,6.821727085890225,3.222456336679247,0.012578616352201259
2,5851,2020,25.2,62.6,3.9,42.4,119.75,0.006543723973825104,6.83220217973465,3.225567713439471,0.008388256440982624
3,5851,2021,20.0,65.1,3.8,42.5,133.84,0.006282124500285551,6.8370111626955286,3.243286146083446,0.0148720999405116
4,4202,2020,17.6,70.6,3.9,41.3,125.64,0.003304419661296985,6.886173405097296,3.383994789441733,0.011469838572642312
5,4202,2021,17.7,74.2,3.7,41.3,122.57,0.006019261637239166,6.871170150833584,3.396548037987132,0.013630731102850062
6,5233,2018,16.1,69.8,0.3,41.7,113.26,0.002937720329024677,6.880112898913148,3.230959555748569,0.005303476723629935
7,5233,2019,16.4,66.0,0.3,41.7,104.95,0.003436426116838488,6.876968486302624,3.2420442393695508,0.00763807285546416
8,7988,2021,24.5,76.8,5.2,40.0,65.39,0.014760147601476014,6.7987711126580095,3.1319392952104246,0.03488372093023256
9,5471,2018,28.8,52.6,2.1,39.5,133.05,0.0024554941682013503,6.867832624888859,3.5129510799724906,0.009968847352024923
10,5471,2019,28.7,52.9,2.5,39.2,129.13,0.0029940119760479044,6.87616609178317,3.5237464668115646,0.004910988336402701
11,5471,2020,27.9,54.3,2.6,39.1,119.54,0.00291970802919708,6.871339381099861,3.534660575828444,0.011676646706586826
12,1810,2018,49.1,35.8,1.4,43.9,83.04,0.0013850415512465374,6.879881030086209,2.858537197569639,0.021398002853067047
13,1810,2019,23.0,36.3,1.4,44.1,73.99,0.0,6.881334433216977,2.862131379313037,0.0221606648199446
14,1810,2020,20.0,42.6,3.8,44.0,75.82,0.0,6.8616901793458105,2.873320601815399,0.009615384615384616
15,1810,2021,25.4,41.6,1.4,44.3,60.3,0.0,6.871258775666228,2.8744818176994666,0.002677376171352075
16,4506,2018,4.3,60.4,7.9,41.6,16.1,0.007838745800671893,6.9307218963557915,3.552911450216509,0.02125
17,4506,2019,3.8,67.7,8.4,41.9,54.0,0.004409171075837742,6.935911898168574,3.5317343092765503,0.018756998880179173
18,4506,2020,3.4,72.2,10.6,42.3,44.73,0.0013042060645582002,6.949887062470333,3.4867137759824853,0.018224573780129337
19,4506,2021,3.7,73.9,10.7,42.8,39.69,0.004961958319550115,6.955777581785543,3.480438147177817,0.014998369742419302
20,2264,2018,13.9,62.8,4.5,38.1,217.04,0.005930807248764415,6.858458632486826,3.482158695411276,0.017863049950380416
21,2264,2019,14.0,64.8,4.7,38.2,192.82,0.005407124681933842,6.869884958775723,3.4974825373673704,0.018121911037891267
22,2264,2020,11.1,64.9,4.7,38.3,181.99,0.008007391438250694,6.869140625713768,3.5114822886260013,0.01940203562340967
23,2264,2021,11.4,76.7,4.9,38.5,187.6,0.005389221556886228,6.871742884215526,3.5237464668115646,0.018170619032953497
24,4204,2018,19.2,45.9,3.1,42.8,93.34,0.014754098360655738,6.970048766086864,3.387389826338729,0.013311148086522463
25,4204,2019,19.9,51.1,3.2,42.6,115.66,0.015678776290630976,6.967345991681704,3.417471693203293,0.00778688524590164
26,4204,2020,19.9,64.0,4.1,42.7,109.09,0.020252197172334733,6.959890490353895,3.417803722639881,0.012619502868068833
27,4204,2021,18.0,71.4,4.6,40.3,96.9,0.018754688672168042,6.956089154889137,3.4258601450778405,0.014520443255636225
28,4471,2018,8.5,57.1,2.3,39.3,40.72,0.007880220646178092,6.865103974641128,3.103461622094705,0.03253968253968254
29,4471,2019,7.9,53.1,2.3,39.3,31.37,0.00859375,6.865103974641128,3.1072099696478683,0.02364066193853428
30,4471,2020,6.7,58.1,2.6,39.4,32.42,0.010347376201034738,6.861534410859038,3.131297796597623,0.034375
31,4471,2021,5.9,56.4,3.9,39.7,34.62,0.007429420505200594,6.866877814337498,3.1290450598879582,0.032520325203252036
32,4912,2019,15.3,50.7,8.5,43.3,70.12,0.013333333333333334,6.8704713268975315,3.406540180433955,0.006772908366533864
33,4912,2020,14.9,62.4,9.5,43.5,78.9,0.011367803447011368,6.85009005576792,3.43568513794163,0.009411764705882352
34,4912,2021,13.5,73.7,8.9,43.5,57.82,0.011228070175438596,6.849395824884571,3.45484486000851,0.012467913458012467
35,1979,2018,42.0,27.1,1.0,43.8,66.16,0.008298755186721992,6.9861375597051625,3.160168292958512,0.016846361185983826
36,1979,2019,45.0,37.6,1.2,43.8,58.97,0.006089309878213802,6.9515669444420976,3.1696744340588068,0.017289073305670817
37,1979,2020,45.9,45.4,2.3,43.9,48.26,0.005434782608695652,6.96723590215811,3.16790781000148,0.016914749661705007
38,1979,2021,36.7,54.4,2.3,43.6,44.11,0.009440323668240054,7.032030130795551,3.1711411510283822,0.02377717391304348
39,1802,2018,40.3,41.7,7.5,42.3,166.92,0.001290473955889254,6.9780910457986085,3.9306434410421645,0.006069983337300642
40,1802,2019,37.7,43.1,8.0,42.4,159.8,0.0016262051341619235,7.019595910524173,3.934952707817858,0.005865790708587518
41,1802,2020,38.0,43.9,8.8,42.5,135.12,0.0018279447046726837,7.022286387712212,3.9421569284674907,0.005575560459983738
42,1802,2021,38.8,41.9,9.0,42.6,149.0,0.002151999093895118,7.024366281881747,3.9459115168192733,0.006854792642522564
43,2282,2018,27.5,54.3,3.5,42.2,131.07,0.012005649717514125,6.9383909687991645,3.15106325335375,0.009545199326221224
44,8040,2018,2.3,62.8,20.3,42.5,53.82,0.0,6.695891261147024,2.4471580313422194,0.017006802721088437
45,1852,2018,25.5,29.7,0.4,44.0,159.35,0.003218020917135961,6.877368926716055,3.094471128641645,0.018821603927986905
46,1852,2019,29.2,29.6,0.4,44.2,150.99,0.003194888178913738,6.918621738838244,3.097604328874411,0.02172164119066774
47,1852,2020,37.8,38.3,0.6,43.7,113.45,0.004739336492890996,6.936849336491944,3.1024337056813365,0.034345047923322686
48,1852,2021,27.6,45.7,0.5,43.9,100.85,0.0,6.922951885863943,3.1027766148834415,0.036334913112164295
49,5202,2021,14.1,76.2,2.4,44.6,118.13,0.0004985044865403788,6.890848619033466,3.302330928684399,0.00815910249872514
50,5019,2018,10.8,60.9,0.4,42.1,302.86,0.008747813046738315,6.931165818809674,3.6021685513789974,0.0117359413202934
51,5019,2019,13.6,63.2,0.6,42.4,263.24,0.010952623535404993,6.979845587159518,3.5939502952639875,0.010747313171707074
52,5019,2020,14.0,67.4,0.7,42.3,243.35,0.011569416498993963,6.987016392518807,3.5994463757252757,0.012990320937340805
53,5019,2021,18.9,70.0,2.1,42.5,226.5,0.0184870378240544,6.959713217545739,3.6726519228400023,0.015593561368209255
54,1332,2018,16.3,56.5,5.2,42.4,266.52,0.0035026269702276708,6.907019297587834,3.0576661039098294,0.022401433691756272
55,1332,2019,17.0,58.9,6.8,42.4,280.18,0.0025906735751295338,6.920842031512772,3.0637085593914173,0.013134851138353765
56,1332,2020,22.7,64.1,7.4,42.5,223.59,0.0024937655860349127,6.904200414341743,3.0802656273398448,0.009499136442141624
57,1332,2021,19.3,62.2,6.2,42.6,217.1,0.0040551500405515,6.902795218174338,3.0909630765957314,0.011637572734829594
58,1928,2018,28.5,30.0,1.6,41.8,85.57,0.0019229399615412009,6.910875358848049,4.147398039347655,0.022302417899675207
59,1928,2019,25.9,34.4,1.8,42.2,82.29,0.0013119734843253694,6.913007753291135,4.160828543144547,0.017947439641051208
60,1928,2020,25.8,37.0,2.0,42.5,83.16,0.0021893814997263274,6.913211354205455,4.1648285343444815,0.016986604060212677
61,1928,2021,25.3,51.1,2.2,42.8,80.93,0.0033105871224917236,6.904276594155036,4.170291058625393,0.019567597153804052
62,4452,2018,20.7,71.7,14.0,41.2,68.36,0.00847810979847116,6.902220528279314,3.857030798272624,0.008034433285509325
63,4452,2019,19.5,72.8,15.5,41.0,69.08,0.008592471358428805,6.89231726072248,3.865222456290179,0.00542043085476025
64,4452,2020,18.7,78.8,16.8,40.8,60.7,0.0074461136512083605,6.914818980447473,3.88394519503428,0.00641025641025641
65,4452,2021,17.7,74.6,18.2,40.6,60.46,0.004174573055028463,6.914554698517634,3.8979018742682277,0.0074461136512083605
66,2204,2018,15.9,25.7,11.3,40.1,69.45,0.007594936708860759,6.747334109615905,2.8976270912904414,0.024173027989821884
67,2204,2019,10.0,24.6,11.5,41.0,66.1,0.02197802197802198,6.755112266395071,2.9132839017604186,0.021518987341772152
68,2204,2020,15.5,24.4,11.9,40.8,62.8,0.026415094339622643,6.7419390777291985,2.9003671286564705,0.03540903540903541
69,2204,2021,16.0,37.1,12.2,42.2,61.56,0.01675257731958763,6.7419390777291985,2.8898617212581885,0.04779874213836478
70,1961,2020,32.0,55.6,0.6,43.0,92.04,0.004067107269954245,6.90755119398358,3.2938043599193367,0.016251904520060943
71,1961,2021,31.3,56.6,0.6,43.2,101.2,0.0035140562248995983,6.960796780334972,3.29928933408768,0.031011692933401117
72,5938,2018,21.2,49.8,6.9,42.9,40.32,0.006903233619958823,6.8375015075152525,4.217852280259893,0.01641230620155039
73,5938,2019,21.8,55.9,6.1,43.6,23.44,0.006973668390044487,6.843819644741589,4.220996697147369,0.014775342133946955
74,5938,2020,23.6,56.1,5.7,44.2,171.35,0.0072854350530119055,6.851025847194633,4.227449620469842,0.014187808103883611
75,5406,2018,16.5,74.5,1.4,39.5,195.74,0.0038970454957404387,6.806860942872965,4.0427329796217215,0.01181574817686698
76,5406,2019,18.4,77.5,1.9,39.2,237.78,0.003127513180234117,6.791439892606017,4.048868895739931,0.013594344752582926
77,2533,2018,7.8,77.5,4.1,42.3,109.61,0.003616636528028933,6.736349404669964,2.7427251313046983,0.012727272727272728
78,2533,2019,6.7,78.4,4.1,42.4,103.66,0.0053475935828877,6.736506854834721,2.7489628612561616,0.018083182640144666
79,2533,2020,6.4,83.5,4.1,43.0,106.82,0.00528169014084507,6.7501202877483,2.754348335711019,0.0106951871657754
80,2533,2021,6.6,80.1,5.0,43.3,109.08,0.005494505494505495,6.742641484258277,2.7371926427047373,0.02112676056338028
81,4041,2018,11.6,71.4,2.3,43.7,43.89,0.0,6.8500226455621815,3.110589710299249,0.007036747458952306
82,4041,2019,10.5,77.8,3.6,44.0,45.2,0.006987577639751553,6.834552752365765,3.1099158630237933,0.003875968992248062
83,4041,2020,9.0,77.2,3.7,43.7,53.31,0.004576659038901602,6.820060044372784,3.117602691690084,0.015527950310559006
84,4041,2021,7.6,77.8,3.8,44.1,56.78,0.002284843869002285,6.825954479980968,3.118264726089479,0.008390541571319604
85,5101,2018,24.4,54.4,0.7,38.1,133.18,0.009347577260587561,6.7886632131208575,3.719497016610582,0.012920387611628349
86,5101,2019,25.0,55.2,0.7,39.0,108.32,0.008007626310772164,6.784189205380961,3.7197454925295768,0.01411674933231591
87,5101,2020,28.8,52.6,0.5,39.0,91.23,0.00968390279554175,6.796296740051791,3.7382254481425052,0.020400381315538608
88,5101,2021,27.5,62.5,0.7,39.1,82.03,0.009561609236875337,6.79539333493129,3.7437448785924614,0.01498264206102686
89,1941,2018,33.4,44.0,0.4,40.1,20.95,0.0023154848046309695,6.839082602850218,3.5384480517102173,0.01447178002894356
90,1941,2019,31.2,43.6,0.9,40.1,23.4,0.0035149384885764497,6.8408737152406855,3.5332635167787148,0.016208393632416787
91,1941,2020,31.5,50.5,1.7,39.9,22.14,0.0029265437518290896,6.846738370706742,3.5336449787987627,0.012888107791446984
92,1941,2021,32.2,54.3,2.1,39.8,23.13,0.005031074282332051,6.850458878481422,3.5287881917748964,0.013462101258413814
93,1969,2018,40.9,44.6,1.0,42.5,120.06,0.002564102564102564,6.914554698517634,3.290034611362518,0.026525198938992044
94,1969,2019,41.3,45.7,1.2,42.3,107.27,0.0024691358024691358,6.935608018517869,3.3064250275506875,0.030256410256410255
95,1969,2020,43.7,52.3,1.3,42.1,96.92,0.006338371526084837,6.928293412232202,3.3119656603683665,0.024691358024691357
96,1969,2021,49.3,62.7,1.3,42.0,107.17,0.008236434108527133,6.9439394644722165,3.314709692955174,0.024865919063871283
97,1812,2019,37.9,49.6,1.4,44.1,182.97,0.00234192037470726,7.042488566093136,3.88570038012833,0.009985547234266194
98,1812,2020,38.8,46.4,2.2,44.2,144.18,0.0015418219195682899,7.056463284689008,3.891147030448771,0.007936507936507936
99,1812,2021,40.7,45.0,2.5,44.2,150.27,0.0015214910612400153,7.054669424926347,3.896911840826025,0.002441218039316459
100,2573,2018,31.2,40.5,4.8,40.7,23.85,0.0,6.762228284286475,2.6464037262230695,0.015625
101,2573,2019,29.2,42.0,6.1,41.1,23.38,0.002325581395348837,6.75876054390998,2.6334684555795866,0.01580135440180587
102,2573,2020,28.5,68.4,6.0,42.4,19.92,0.004672897196261682,6.764250875438774,2.6314437690131722,0.018604651162790697
103,2573,2021,26.1,75.0,7.5,41.3,22.08,0.0024330900243309003,6.763502865467597,2.6138418218760693,0.028037383177570093
104,6988,2018,17.7,68.5,4.6,39.3,42.35,0.008907823392718823,6.848189116991398,3.712986233594383,0.006873527101335428
105,5491,2018,12.8,35.7,0.7,42.4,189.67,0.0,6.800981560035491,2.6910814921229687,0.012244897959183673
106,5491,2019,13.2,36.1,0.7,41.9,206.23,0.007326007326007326,6.7915840618998855,2.7371926427047373,0.026476578411405296
107,5491,2020,12.4,40.1,1.4,41.1,223.46,0.0034965034965034965,6.816422141014164,2.7573960287930244,0.018315018315018316
108,5491,2021,11.7,59.1,1.9,40.4,228.57,0.010273972602739725,6.800898935374558,2.7664128471123997,0.012237762237762238
109,5195,2018,24.0,59.8,4.0,42.0,69.06,0.018794048551292093,6.819266951600049,3.1061908972634154,0.00382262996941896
110,5195,2019,24.3,61.7,4.9,42.0,88.87,0.01018808777429467,6.827592502494175,3.1058506743851435,0.01957713390759593
111,5195,2020,23.0,62.7,4.2,42.0,77.86,0.014901960784313726,6.833699417837285,3.1055101847699738,0.014106583072100314
112,5195,2021,20.0,60.4,4.4,42.1,92.01,0.018081761006289308,6.817661141754586,3.104487111312395,0.012549019607843137
113,1980,2018,23.3,19.6,0.9,43.3,81.53,0.0007062146892655367,6.968723938465564,3.15106325335375,0.024805102763997167
114,1980,2019,26.8,21.9,0.8,42.5,82.17,0.0,6.954505853311797,3.160168292958512,0.0211864406779661
115,1980,2020,23.1,26.7,1.0,42.6,77.31,0.0,6.978463971674389,3.17260293120986,0.017980636237897647
116,1980,2021,22.7,42.2,0.9,42.7,80.46,0.0046449900464499,6.966003252887516,3.1781132523146316,0.018145161290322582
117,5393,2018,14.9,49.9,1.3,41.8,86.43,0.005717916137229987,6.84168838339187,3.1970047280230456,0.013522215067611075
118,5393,2019,15.1,53.0,1.4,41.5,79.49,0.007380073800738007,6.840094232783635,3.2111205412580492,0.014612452350698857
119,5393,2020,18.6,57.3,1.2,41.2,79.79,0.004750593824228029,6.838082104400909,3.226342087163631,0.011685116851168511
120,5393,2021,16.4,61.2,1.2,41.1,77.44,0.005205320994794679,6.830820893192378,3.2377949932739227,0.019002375296912115
121,1861,2020,30.8,45.8,4.6,44.8,141.2,0.002002402883460152,6.893723433739984,3.397418542351348,0.011335012594458438
122,1861,2021,30.2,36.9,3.4,44.5,127.29,0.0015515903801396431,6.905476705028358,3.4112829130173843,0.012815378454144974
123,5105,2018,31.1,49.5,3.4,38.9,206.83,0.010523150932050512,6.780049162365736,3.5219222448835006,0.020634431783184477
124,5105,2019,32.7,47.6,4.0,38.7,100.91,0.010398613518197574,6.775783184949656,3.539327063539375,0.018641010222489478
125,5105,2020,36.6,50.0,4.1,38.6,103.69,0.013306908267270668,6.780839016307227,3.548020694905531,0.025707683419988445
126,5105,2021,36.6,65.6,4.4,38.7,104.53,0.012910468706146505,6.780187076292329,3.5518158223510157,0.02406568516421291
127,5333,2018,22.6,67.5,2.0,38.0,92.31,0.010668021336042673,6.895517903543893,3.5951654147902294,0.007297297297297297
128,5333,2019,24.3,68.7,2.0,38.7,87.01,0.009415741187831965,6.894980844028077,3.617210094557434,0.009398018796037593
129,5333,2020,25.2,72.5,2.2,39.0,90.3,0.0065549890750182084,6.896972077318304,3.6147917919564176,0.009415741187831965
130,5333,2021,23.7,77.5,2.7,38.8,81.0,0.01396780303030303,6.890438792651522,3.625723909525756,0.013595532896334061
131,2871,2018,18.1,40.0,8.7,41.1,134.62,0.0009242144177449168,6.782349843371863,3.3352572564345317,0.013934045517882025
132,2871,2019,21.1,34.8,11.0,42.1,91.75,0.000946521533364884,6.822009506773768,3.3248994970523134,0.014787430683918669
133,1871,2018,29.8,36.9,0.5,43.7,153.78,0.0,6.858241331442634,3.0203612826477078,0.026264591439688716
134,1871,2019,36.1,30.9,0.5,44.0,137.35,0.0,6.879753535369875,3.0281644194244697,0.02480916030534351
135,1871,2020,32.2,33.9,0.4,43.7,128.51,0.0,6.904439358682028,3.037027879755775,0.016869728209934397
136,1871,2021,24.6,45.9,0.6,43.7,105.75,0.0009017132551848512,6.905509421305027,3.04493154614916,0.014692378328741965
137,4461,2018,9.3,65.9,6.4,40.6,137.88,0.0102880658436214,6.852334492813997,2.6866362692622934,0.00404040404040404
138,4461,2019,10.9,67.4,8.0,40.9,159.94,0.006036217303822937,6.865438128384657,2.696356388733332,0.0102880658436214
139,4461,2020,14.3,68.5,11.8,40.6,142.72,0.0078125,6.870386053184762,2.709269960975831,0.008048289738430584
140,4461,2021,12.6,73.2,11.9,40.7,132.61,0.007532956685499058,6.864870471189325,2.725094521081469,0.0234375
141,4112,2020,11.5,68.1,12.3,41.8,40.6,0.00228310502283105,6.808278509582768,2.6414741105040997,0.013574660633484163
142,4112,2021,12.0,68.4,14.4,41.7,38.77,0.004618937644341801,6.820070034312326,2.6364878963533656,0.0136986301369863
143,5706,2020,14.0,77.1,1.5,42.1,243.6,0.013381369016984045,6.875982322140781,3.2884728005997825,0.008152173913043478
144,5706,2021,13.7,79.0,2.2,42.0,200.36,0.013793103448275862,6.8583943140408286,3.307496037913213,0.008234688625836336
145,1951,2018,36.1,63.0,0.8,41.8,55.61,0.001339046598821639,6.857875025523563,3.5721743136130595,0.012665198237885462
146,1951,2019,33.6,66.5,1.2,42.1,70.3,0.0013336889837289945,6.868938178332911,3.5739154404215507,0.009105516871987145
147,1951,2020,33.3,66.7,1.5,42.4,67.17,0.001840168243953733,6.878521795501206,3.5802405082653763,0.011202987463323552
148,1951,2021,31.8,63.0,1.6,42.7,86.01,0.002742458239840439,6.880870732532424,3.6032526619816467,0.01025236593059937
149,2216,2018,19.6,54.1,7.7,38.8,87.65,0.0020964360587002098,6.745777217889759,2.678518379040114,0.03260869565217391
150,2216,2019,20.8,51.4,8.3,38.8,77.04,0.002061855670103093,6.772908194971272,2.6857417386022635,0.027253668763102725
151,2216,2020,21.3,52.5,10.2,38.9,76.99,0.0,6.794766797940821,2.733999286538387,0.020618556701030927
152,2216,2021,18.4,67.4,12.3,38.5,80.42,0.0034602076124567475,6.813580988568192,2.761927838420529,0.01845018450184502
153,4008,2020,17.4,76.0,2.2,36.8,34.76,0.004008016032064128,6.790570634649024,2.999130541287371,0.028784648187633263
154,4008,2021,15.6,76.5,2.5,37.1,39.84,0.00682261208576998,6.786601735067714,3.0111473607757975,0.0
155,2805,2018,8.9,57.3,13.8,42.6,129.97,0.0031545741324921135,6.754899264854483,3.1031192535457137,0.008914100486223663
156,2805,2019,9.5,57.7,16.3,42.1,123.25,0.0015128593040847202,6.751811558215836,3.1212314551496214,0.015772870662460567
157,2805,2020,11.0,62.1,15.9,41.8,101.68,0.002851033499643621,6.749346357386066,3.1470576710283598,0.012102874432677761
158,2805,2021,12.0,83.0,16.9,41.6,90.04,0.004891684136967156,6.75156876802467,3.1556396337597765,0.01639344262295082
159,4118,2020,15.7,64.0,2.6,40.7,85.35,0.009817671809256662,6.876993276037705,3.5520595341878844,0.01730496453900709
160,4118,2021,15.8,68.3,3.2,40.8,79.73,0.013795045045045045,6.883788525751526,3.5504729571065634,0.024684431977559606
161,5269,2021,23.0,68.1,1.6,42.3,123.06,0.0,6.77981286317058,2.622214022966295,0.01485148514851485
162,4061,2018,10.0,50.8,0.3,40.1,110.87,0.004054054054054054,6.8102140298333715,3.4712917110589387,0.017821116341627436
163,4061,2019,10.8,55.1,0.6,40.5,123.33,0.005645964795748921,6.824349890294187,3.4787107555127594,0.014527027027027028
164,4061,2020,12.0,62.4,1.1,40.7,102.6,0.004,6.849328491149329,3.5118833609788744,0.013616738625041515
165,4061,2021,11.0,64.9,1.2,40.7,106.02,0.00477754553598089,6.859648638734256,3.524915147539867,0.014153846153846154
166,4502,2018,16.1,66.5,8.3,40.1,105.2,0.004519433564326604,7.00650882777529,3.822037248072585,0.020501474926253687
167,4502,2019,13.9,71.2,9.0,40.7,126.22,0.0035964754540550262,7.0165319409572655,3.7451528950769,0.0326905694486291
168,4502,2020,13.9,74.2,10.2,41.5,144.84,0.0034994167638726877,7.039017321997412,3.7782236267660965,0.044955943175687824
169,2109,2018,18.2,48.4,6.7,41.5,30.61,0.0,6.876833732225934,2.526339277389844,0.014925373134328358
170,2109,2019,15.4,55.9,7.0,41.4,34.26,0.0,6.857056631838979,2.531478917042255,0.008928571428571428
171,2267,2018,8.9,58.9,6.0,41.9,104.83,0.0024475524475524478,6.891438210880421,3.456366033129043,0.018454038997214484
172,2267,2019,8.5,58.8,6.2,42.1,94.43,0.0035112359550561797,6.893780675364921,3.4545399849648186,0.015034965034965035
173,2267,2020,10.5,70.9,6.7,42.2,73.29,0.0034770514603616135,6.893536957877454,3.458788881710845,0.01544943820224719
174,2267,2021,10.7,76.9,7.0,42.1,65.44,0.004163775156141568,6.892291827817598,3.4596939764779706,0.014255910987482615
175,1821,2018,42.2,37.5,1.2,46.5,271.47,0.0045854031333588076,6.873146151328256,3.417803722639881,0.016849529780564265
176,1821,2019,41.3,39.1,1.8,46.4,265.97,0.007100149476831091,6.9086458389071135,3.4274861090957853,0.012609858616736722
177,1821,2020,40.4,39.6,1.8,46.3,257.04,0.0029271862422246614,6.9226735678585545,3.436639631692661,0.013079222720478326
178,1821,2021,28.6,41.3,1.9,46.1,347.34,0.006075768406004289,6.934144811792477,3.446847710155809,0.015367727771679473
179,1963,2021,25.0,63.9,2.3,45.7,59.59,0.012711864406779662,6.936977797487339,2.3729120029701067,0.030755711775043937
180,5715,2018,20.7,58.9,1.0,45.8,165.36,0.004784688995215311,6.89673477205251,2.3201462861110542,0.009345794392523364
181,5715,2019,9.2,58.3,1.2,46.8,167.59,0.0049504950495049506,6.889572561743195,2.305351369446624,0.019138755980861243
182,5715,2020,9.0,64.7,2.3,46.4,137.71,0.0,6.881828084102187,2.322219294733919,0.01485148514851485
183,5715,2021,12.4,55.2,1.4,46.0,128.02,0.0,6.888925244236991,2.3096301674258988,0.009523809523809525
184,4404,2021,9.1,62.2,6.2,41.5,110.38,0.0,6.817788606963768,2.7041505168397992,0.012024048096192385
185,4021,2018,19.5,77.2,2.3,40.2,38.43,0.01072234762979684,6.894459289769612,3.248463717551032,0.007475560667050029
186,4021,2019,19.3,77.4,2.3,40.1,37.17,0.007696536558548653,6.899787081250932,3.2598326990634834,0.006207674943566591
187,4021,2020,19.7,75.8,2.5,40.0,36.19,0.004298764105319721,6.900803279930034,3.269746373130767,0.009345794392523364
188,4021,2021,18.9,73.2,2.8,40.0,37.22,0.0015873015873015873,6.904570251365979,3.2764618041732443,0.013433637829124127
189,2607,2021,20.0,79.2,10.1,43.8,93.57,0.0039032006245121,6.878792628069967,3.1075491297446862,0.018794048551292093
190,5332,2018,20.7,78.8,8.4,41.7,69.51,0.01021355617455896,6.827552517001598,3.8773137433122384,0.0052176300974872995
191,5332,2019,17.4,74.6,8.6,42.6,66.33,0.011809045226130653,6.826771577788187,3.900913067737669,0.003979307600477517
192,5332,2020,16.1,80.8,10.7,42.9,77.94,0.013691809808314663,6.831446402699793,3.904931827395653,0.009798994974874372
193,5332,2021,15.1,89.8,11.7,43.2,51.17,0.010894846370424777,6.832164661794034,3.912168896059627,0.011700273836196167
194,3943,2018,11.4,39.9,0.0,40.4,47.34,0.0058997050147492625,6.705766754622597,2.530199698203082,0.023529411764705882
195,3943,2019,15.7,39.5,0.0,41.0,46.37,0.00303951367781155,6.716132026067817,2.5171958979499744,0.014749262536873156
196,3943,2020,19.9,45.2,0.0,41.5,43.24,0.006172839506172839,6.727409647487505,2.510545010206612,0.02127659574468085
197,3943,2021,14.7,61.8,0.0,41.5,44.59,0.0030864197530864196,6.726635125575627,2.510545010206612,0.027777777777777776
198,8111,2018,12.0,59.0,13.9,38.2,138.01,0.005199306759098787,6.636934698888497,3.238297067875394,0.002152852529601722
199,8111,2021,9.2,81.7,3.9,43.4,77.21,0.023809523809523808,6.833177020444142,2.8785217955012063,0.00894187779433681
200,1801,2018,40.3,37.3,1.5,42.9,168.17,0.0016636957813428402,6.97773699963842,3.9250541203118425,0.010901883052527254
201,1801,2019,37.2,42.9,1.7,43.0,173.25,0.0012939654158334313,6.9944439903761895,3.9294700161774894,0.0112893642305407
202,1801,2020,37.8,47.5,3.2,43.0,145.77,0.001531213191990577,7.021670726755725,3.928907690243953,0.01011645688742501
203,1801,2021,41.5,46.2,3.8,43.0,150.35,0.001880804043728694,7.004460411757105,3.929776432804902,0.010836277974087162
204,2002,2020,21.2,78.5,12.4,42.6,32.04,0.02373887240356083,6.937188184524162,2.5276299008713385,0.02622950819672131
205,2002,2021,19.1,69.1,7.5,41.0,23.47,0.010814249363867684,6.941399266818587,3.196452541703389,0.008902077151335312
206,4042,2018,16.7,78.4,0.6,40.3,39.46,0.0014983518130056938,6.879554600938975,3.5233562066547925,0.004194128220491312
207,4042,2019,15.9,77.7,1.4,39.9,30.6,0.0011750881316098707,6.887954703808801,3.53198955141255,0.005993407252022775
208,4042,2020,16.2,75.5,1.0,39.5,36.43,0.0022850614110254213,6.899711094571145,3.5441921107650325,0.0032314923619271444
209,4042,2021,16.9,79.2,1.4,39.1,30.08,0.0041946308724832215,6.906442793817033,3.55339751012388,0.008854612967723507
210,4182,2018,13.8,83.7,1.4,41.4,57.08,0.003013344812742144,6.917737246486669,3.3660492098002353,0.015358361774744027
211,4182,2019,14.0,82.8,1.4,40.1,46.32,0.0013100436681222707,6.922820919645016,3.359835482339888,0.008609556607834697
212,4182,2020,13.7,84.0,2.0,40.2,53.24,0.0016985138004246285,6.9364491464241205,3.371990911464915,0.007423580786026201
213,4182,2021,12.0,84.6,2.3,40.6,63.97,0.005855290673358427,6.943817247908146,3.378579576115775,0.008492569002123142
214,4114,2018,16.4,64.2,1.8,37.9,33.76,0.0031717263253285004,6.906173363644049,3.343802333161655,0.011965025310630465
215,4114,2019,16.1,66.1,2.3,37.8,32.6,0.0031069684864624943,6.890923771489014,3.3527611917238307,0.014952424105120073
216,4114,2020,15.8,71.6,2.8,38.0,32.7,0.003469210754553339,6.90156729002845,3.36285930295868,0.013759431868619618
217,4114,2021,15.4,69.0,3.3,38.3,36.83,0.004674883127921802,6.9086458389071135,3.3716219271760215,0.017346053772766695
218,5191,2018,28.7,62.4,1.2,38.9,186.6,0.01107649705780547,6.852723910791206,3.460747541844197,0.021211084502223743
219,5191,2019,28.1,66.7,1.4,40.1,158.1,0.012550881953867029,6.85533740446954,3.469527479187014,0.020422291450328832
220,5191,2020,25.9,68.5,1.2,40.3,178.55,0.01153972964061985,6.850707485374537,3.4818724103106633,0.022727272727272728
221,5191,2021,23.5,75.1,1.4,40.2,178.88,0.008939213349225268,6.835183069849044,3.5258219521566625,0.01912298054731289
222,3861,2018,21.9,60.6,3.2,43.5,184.95,0.047872340425531915,6.9444053805956525,2.575187844927661,0.296
223,3861,2019,11.7,72.3,3.3,43.6,178.39,0.016853932584269662,6.942276984149602,2.5514499979728753,0.02127659574468085
224,3861,2020,11.6,76.6,3.6,43.6,178.59,0.039755351681957186,6.909421066772972,2.514547752660286,0.016853932584269662
225,3861,2021,12.4,74.9,10.5,44.5,173.88,0.005420054200542005,6.921236760936951,2.56702636615906,0.039755351681957186
226,4208,2018,16.6,70.1,1.4,41.5,166.17,0.007751937984496124,6.824000020051317,3.5577477416414682,0.005144868670457623
227,4208,2019,16.2,73.7,1.5,41.4,162.69,0.012658227848101266,6.81861486834632,3.550839605065785,0.007198228128460687
228,4208,2020,16.6,78.2,2.4,41.5,169.96,0.013341419041843541,6.838392148876898,3.5182506513085,0.01490857946554149
229,2815,2021,15.1,27.8,0.0,38.0,10.5,0.009107468123861567,6.717004407040547,2.739572344450092,0.009652509652509652
230,4206,2018,9.3,45.0,1.9,38.9,27.03,0.0036463081130355514,6.805148386120013,3.0402066275747113,0.02281021897810219
231,4206,2019,10.7,56.0,2.1,39.3,25.54,0.006808510638297872,6.80540542522429,3.070037866607755,0.016408386508659983
232,4206,2020,11.3,61.7,2.8,39.3,23.01,0.005862646566164154,6.810815936051867,3.0770043267933502,0.02297872340425532
233,4206,2021,11.1,66.7,3.1,39.5,27.66,0.007263922518159807,6.814007468421787,3.0930713063760633,0.03685092127303183
234,2602,2020,19.4,63.4,8.6,42.3,100.93,0.004280821917808219,6.862034905112554,3.0674428427763805,0.02009132420091324
235,2602,2021,19.8,67.6,8.6,42.4,124.2,0.002508361204013378,6.8756246699258075,3.077731179652392,0.02054794520547945
236,3591,2019,6.2,81.8,21.1,41.9,19.17,0.01270864946889226,6.632861938960376,3.7219754015859534,0.03462397617274758
237,3591,2020,6.2,86.6,22.8,42.2,37.01,0.013484877672895397,6.636970066573492,3.7152510288788494,0.03698786039453718
238,3591,2021,5.9,87.0,23.7,42.7,19.49,0.016485647788983707,6.648205491773278,3.7123129086813655,0.03371219418223849
239,4528,2018,15.2,50.3,3.9,40.9,16.64,0.0016329196603527107,6.952692984514144,3.486005186362242,0.011371467953135768
240,4528,2019,15.4,56.8,3.9,41.4,18.06,0.0034385745545482964,6.95689392226568,3.505014240084107,0.010124101894186806
241,4528,2020,15.0,57.5,4.5,41.8,16.55,0.0027405602923264312,6.96237932859057,3.516403148447403,0.012503907471084715
242,4528,2021,13.6,65.0,4.6,41.9,10.47,0.004563431700638881,6.967696303635033,3.5167997040816243,0.013702801461632157
243,5210,2018,5.1,58.7,0.9,42.1,85.89,0.0,6.7943972047818875,2.916453948549925,0.03233830845771144
244,5210,2019,5.2,58.5,3.8,42.3,100.34,0.0,6.803296957101637,2.920123326290724,0.02303030303030303
245,5210,2020,5.7,64.8,3.8,42.2,100.7,0.0012004801920768306,6.804527601256624,2.9206450014067875,0.019230769230769232
246,5210,2021,5.4,71.3,3.7,42.9,174.72,0.0012062726176115801,6.783184255095786,2.9185545305502734,0.022809123649459785
247,5121,2020,15.8,58.8,3.4,40.6,40.76,0.003278688524590164,6.764143615148986,2.785329835010767,0.02608695652173913
248,5121,2021,15.3,78.6,3.2,41.4,41.74,0.0031007751937984496,6.739812919665543,2.8095597146352675,0.022950819672131147
249,7970,2018,11.9,56.3,2.1,47.0,51.23,0.0,6.827391827345268,2.7831886910752575,0.013071895424836602
250,7970,2019,11.8,61.8,2.8,45.2,38.96,0.0,6.778295991088834,3.0081741840064264,0.014827018121911038
251,3941,2018,24.1,56.0,3.7,39.8,226.56,0.0037837837837837837,6.842145682456795,3.568201724066995,0.018206521739130434
252,3941,2019,24.0,57.6,4.2,40.0,243.21,0.003485254691689008,6.850679801357829,3.571708831808688,0.015675675675675675
253,3941,2020,22.9,58.6,4.8,39.8,221.16,0.006025674613570867,6.855605339730536,3.581722159949099,0.026005361930294905
254,3941,2021,20.8,64.6,4.7,40.3,224.47,0.0014844136566056407,6.85584472418211,3.606596309179285,0.02881844380403458
255,5401,2021,29.2,81.3,1.5,37.2,232.92,0.00741806908768822,6.787178623021376,4.432905183636574,0.014301844185171246
256,1911,2018,9.4,35.9,3.2,41.8,158.68,0.005351170568561873,6.930358233390934,3.651762447380111,0.022639800769753225
257,1911,2019,30.2,47.4,3.4,42.0,173.44,0.002983166418069465,6.936305844614797,3.6714505542124947,0.023411371237458192
258,1911,2020,20.0,53.2,3.7,42.2,164.35,0.00041459369817578774,6.934160580140959,3.683407299132095,0.021308331557639035
259,7305,2018,3.8,64.1,0.0,38.6,67.98,0.0035087719298245615,6.689220037263835,2.45484486000851,0.017361111111111112
260,7305,2019,4.2,59.8,2.2,38.9,73.52,0.0,6.704322140822235,2.4471580313422194,0.06315789473684211
261,7305,2020,5.0,66.7,2.1,38.4,64.67,0.0,6.701999474889637,2.4424797690644486,0.05
262,4091,2018,15.6,55.1,1.8,42.8,333.67,0.0016246953696181965,6.925078479342951,3.090258052931316,0.007258064516129033
263,4091,2019,17.4,60.0,2.1,43.5,324.38,0.00291970802919708,6.934184282126171,3.1367205671564067,0.012997562956945572
264,4091,2020,15.7,61.3,2.0,42.6,271.6,0.0034940600978336828,6.928491458218132,3.1556396337597765,0.008759124087591242
265,4091,2021,15.7,62.5,2.1,43.3,272.49,0.006105834464043419,6.914718783668317,3.1684974835230326,0.011180992313067784
266,2593,2018,37.1,35.2,2.1,37.3,97.42,0.003890329751759911,6.75470686293016,3.732232880220498,0.04400749063670412
267,2593,2019,36.1,37.9,2.3,37.7,89.42,0.0038356164383561643,6.751277101911967,3.738384123512156,0.03630974434975917
268,2593,2020,36.2,47.0,2.6,38.3,80.21,0.004991680532445923,6.75269947820018,3.7331169814420644,0.0365296803652968
269,2593,2021,32.6,52.0,2.6,38.8,97.08,0.0040718119563205625,6.770890875578842,3.732634967539196,0.04363098539471252
270,4619,2018,15.1,49.5,0.8,42.5,79.92,0.0,6.8281312047211,2.718501688867274,0.017857142857142856
271,4619,2019,16.9,58.0,0.8,41.6,75.62,0.0,6.832700470960567,2.7427251313046983,0.011472275334608031
272,4619,2020,14.5,59.2,0.8,41.0,71.57,0.0017301038062283738,6.823038411901194,2.761927838420529,0.012658227848101266
273,4619,2021,15.5,58.1,0.8,40.7,71.87,0.003367003367003367,6.813512269872735,2.7737864449811935,0.01903114186851211
274,4634,2019,6.2,59.6,3.2,41.9,41.54,0.00909090909090909,6.866610133290684,2.6434526764861874,0.016203703703703703
275,4634,2020,7.6,59.2,4.8,41.9,52.98,0.014634146341463415,6.873157260098198,2.6127838567197355,0.0022727272727272726
276,4634,2021,7.7,61.4,4.0,42.0,52.53,0.014634146341463415,6.873157783541081,2.6127838567197355,0.02195121951219512
277,2802,2018,18.9,88.8,6.9,43.0,198.24,0.012142237640936688,6.978858920140899,3.5389505620143615,0.011216566005176877
278,2802,2019,19.8,87.0,7.6,43.1,225.05,0.012990762124711317,6.975806564696852,3.539577883345309,0.01676785198034114
279,4228,2018,17.0,41.1,4.2,42.7,110.91,0.0,6.845841907421757,2.6201360549737576,0.025943396226415096
280,4228,2021,15.7,62.4,4.8,43.5,135.68,0.00702576112412178,6.85302861471299,2.630427875025024,0.0332541567695962
281,5711,2018,18.3,82.4,1.3,41.1,173.74,0.01222707423580786,6.863648696688769,3.660865478003869,0.010607734806629835
282,5711,2019,18.8,79.3,1.5,41.7,238.41,0.012006861063464836,6.844659491450232,3.668758541750958,0.012008733624454149
283,5711,2020,20.7,85.1,1.5,41.2,260.86,0.012273767422508842,6.856432031118981,3.681874122128647,0.010934819897084048
284,5711,2021,20.0,89.1,1.8,41.3,280.14,0.014879739094985732,6.815758135643552,3.690727543870367,0.016434366548783025
285,4205,2018,15.0,55.9,3.0,39.0,81.81,0.008176100628930818,6.851206352605215,3.2013971243204513,0.01293103448275862
286,4205,2019,19.5,50.7,3.5,39.9,68.31,0.0075,6.8519126004737325,3.2041199826559246,0.010691823899371069
287,4205,2020,16.5,55.8,3.5,40.5,65.62,0.005579665220086794,6.900039235487324,3.2076343673889616,0.02125
288,4205,2021,16.3,60.2,4.0,40.3,67.73,0.0125,6.8671597192003,3.2041199826559246,0.022938623682579044
289,5232,2020,10.5,77.1,1.9,41.1,69.39,0.002529510961214165,6.843479078455494,3.074084689028244,0.012690355329949238
290,5232,2021,10.3,80.0,2.1,41.5,75.5,0.002508361204013378,6.842802881788939,3.077731179652392,0.024451939291736932
291,4272,2018,11.5,60.5,6.8,40.3,28.61,0.0010775862068965517,6.872415955660439,3.268577971882843,0.012319228709159078
292,4272,2019,12.3,54.3,7.0,40.6,34.02,0.0032520325203252032,6.873808458419344,3.265996370495079,0.013469827586206896
293,4272,2020,12.6,61.1,7.7,40.2,27.92,0.003367003367003367,6.872740224664465,3.317854489331469,0.016260162601626018
294,4272,2021,12.1,55.8,8.4,40.1,27.94,0.005799903334944417,6.85575198895942,3.3157604906657347,0.02068302068302068
295,5801,2018,22.5,56.9,2.8,44.4,185.85,0.012578616352201259,6.862904427074413,3.5631249603380444,0.020820575627679118
296,5801,2019,23.5,60.3,3.3,44.5,182.27,0.012688984881209503,6.868715189134396,3.5686709780098966,0.012031719989062073
297,5801,2020,23.1,63.2,3.2,44.2,199.95,0.012840670859538784,6.866333838602565,3.5816083660320577,0.01376889848812095
298,5801,2021,23.1,64.4,3.4,44.1,231.51,0.013503184713375796,6.857798931476477,3.5938396610812715,0.01650943396226415
299,5110,2018,21.8,61.8,2.4,40.6,135.13,0.002853281273464484,6.814780145745805,3.8234090148925444,0.0090330223604324
300,5110,2019,22.7,61.9,2.5,40.7,130.24,0.0031503150315031502,6.813514271541883,3.8238653093245114,0.01006157080642739
301,5110,2020,24.1,70.1,2.6,40.7,111.37,0.0015331010452961672,6.8256208250035,3.85582190540603,0.0093009300930093
302,5110,2021,26.9,77.3,3.4,40.7,120.62,0.0020477815699658703,6.824587880520284,3.864807629026147,0.012682926829268294
303,4507,2018,4.2,57.6,9.2,41.7,14.84,0.008693428790590641,6.967395852912721,3.5922878159521305,0.012083847102342787
304,4507,2019,6.9,53.0,8.7,41.4,9.49,0.018221376121838457,6.963492595595569,3.5654936298688624,0.009971874200971618
305,4507,2020,5.8,54.0,9.8,41.7,15.05,0.01946607341490545,6.956270746657221,3.5558196830611912,0.014685885232526516
306,4507,2021,8.6,59.4,10.7,41.3,23.67,0.02099737532808399,6.974571743729063,3.4260230156898763,0.01557285873192436
307,3401,2018,11.8,81.6,4.2,42.2,126.43,0.007468879668049793,6.888762113787847,3.859138297294531,0.01615466101694915
308,3401,2019,11.9,78.0,4.3,42.7,118.29,0.007318894697535474,6.89855691471973,3.8257505813480277,0.015076071922544952
309,3401,2020,12.6,77.9,5.2,42.9,134.15,0.007644007644007644,6.904293918189276,3.864866914328526,0.01194921583271098
310,3401,2021,13.3,80.6,5.1,43.2,141.5,0.0086803200868032,6.913872690003941,3.8676442339030985,0.013377013377013377
311,5727,2021,18.7,86.0,1.4,40.4,113.53,0.0117096018735363,6.805024844429806,2.931457870689005,0.038461538461538464
312,1808,2020,31.8,63.5,3.8,41.3,134.43,0.0090311986863711,6.970551978460741,3.3866772839608377,0.018836333193804938
313,1808,2021,27.4,67.9,4.3,41.6,149.24,0.007676767676767677,6.972880188939161,3.3935752032695876,0.021346469622331693
314,8011,2018,8.6,62.8,8.4,44.6,62.12,0.003943217665615142,6.816837630902035,3.1031192535457137,0.009167303284950344
315,8011,2019,10.5,50.1,8.9,44.4,60.8,0.00933609958506224,6.812913356642856,2.984077033902831,0.025236593059936908
316,8011,2020,13.0,51.9,8.8,41.3,57.74,0.0,6.728597243383431,3.2390490931401916,0.03008298755186722
317,8011,2021,8.8,56.5,7.8,40.2,52.07,0.0006443298969072165,6.71474876072506,3.1908917169221698,0.0461361014994233
318,4631,2018,12.2,62.8,3.1,42.3,132.39,0.008831908831908831,6.888747693878479,3.545307116465824,0.012566322256352975
319,4631,2019,12.3,63.8,4.5,42.7,131.15,0.008849557522123894,6.891120022217331,3.5444401373176926,0.01225071225071225
320,3551,2018,17.8,59.3,3.9,41.8,157.63,0.0067226890756302525,6.74006039431403,2.7745169657285498,0.015025041736227046
321,3551,2019,16.8,56.1,3.9,42.2,155.75,0.006666666666666667,6.747779753452665,2.7781512503836434,0.01680672268907563
322,3551,2020,17.4,56.4,3.1,42.4,148.75,0.00667779632721202,6.744480119807597,2.7774268223893115,0.011666666666666667
323,3551,2021,14.4,58.1,3.0,42.3,145.32,0.006578947368421052,6.7436350178890105,2.783903579272735,0.03171953255425709
324,3580,2018,5.4,40.7,2.9,39.5,31.24,0.007556675062972292,6.726718571939734,2.8998205024270964,0.02199223803363519
325,3580,2019,4.9,40.1,2.9,38.2,30.88,0.003708281829419036,6.744649193229172,2.9079485216122722,0.027707808564231738
326,3580,2020,5.1,41.2,5.4,39.0,27.2,0.004878048780487805,6.751868005179947,2.9138138523837167,0.023485784919653894
327,5632,2020,12.8,61.8,3.2,41.8,170.88,0.0012626262626262627,6.809438499260642,2.8987251815894934,0.02699228791773779
328,5632,2021,10.8,66.2,3.3,42.0,145.22,0.005148005148005148,6.7954211600518715,2.890421018800914,0.021464646464646464
329,4004,2018,18.2,69.7,3.4,40.1,152.9,0.0,6.847251199298123,3.561935763313781,0.014634146341463415
330,4004,2019,18.8,70.1,6.7,40.0,131.76,0.0,6.856443515302899,3.5582284218033258,0.013709898546750754
331,4004,2020,18.9,70.5,4.6,39.9,202.12,0.008365700627427548,6.881051417667607,3.5246557123577773,0.017699115044247787
332,4004,2021,16.8,74.1,4.9,40.1,165.06,0.007273785277858598,6.911209454544689,3.536179532137225,0.016432626232446967
333,3101,2018,10.4,64.9,2.4,40.7,156.43,0.004303210857332009,6.802215691780908,3.4801507252732806,0.018561484918793503
334,3101,2019,10.0,66.2,2.8,40.8,160.21,0.003246753246753247,6.80113790633493,3.4885507165004443,0.018867924528301886
335,3101,2020,10.3,68.2,2.2,41.0,171.8,0.0006435006435006435,6.804556618209244,3.4924810101288766,0.016233766233766232
336,3101,2021,10.1,72.5,2.9,41.3,186.11,0.0028292989625903803,6.800854491503561,3.502563669107363,0.029922779922779922
337,5713,2018,15.6,85.5,0.6,43.3,65.45,0.00307152259763054,6.894039000804609,3.3577443251803754,0.010145566828407587
338,5713,2019,14.6,84.6,0.4,42.5,56.16,0.0030329289428076256,6.889021422095225,3.363235804483694,0.01228609039052216
339,5713,2020,13.6,84.6,1.2,42.4,61.57,0.005427974947807933,6.913548957906518,3.379305517750582,0.01386481802426343
340,5713,2021,17.3,89.6,1.5,43.0,57.35,0.004118616144975288,6.913018683747961,3.38524868240322,0.016701461377870562
341,2217,2018,10.1,55.4,8.9,45.8,46.96,0.004411764705882353,6.714058534461177,2.832508912706236,0.01278409090909091
342,2217,2019,10.1,55.8,8.5,46.3,42.72,0.004559270516717325,6.713035261361932,2.8182258936139557,0.022058823529411766
343,2217,2020,10.2,61.1,9.7,46.3,43.28,0.0016025641025641025,6.7221353493447005,2.795184589682424,0.0364741641337386
344,2217,2021,10.5,71.1,12.4,45.4,42.87,0.006329113924050633,6.718198490347077,2.800717078282385,0.04326923076923077
345,5943,2018,18.4,41.6,2.3,42.3,66.62,0.010302197802197802,6.7748275029672875,3.4641913706409997,0.013934970139349702
346,5943,2019,19.6,51.8,2.3,42.7,66.1,0.011802575107296138,6.779509335048813,3.446537167073644,0.015796703296703296
347,5943,2020,20.5,55.0,2.5,43.0,61.76,0.012195121951219513,6.7959379657335095,3.4452927694259716,0.017525035765379112
348,1827,2018,33.3,45.2,4.3,46.2,188.84,0.004243281471004243,6.824760533718158,2.8494194137968996,0.022222222222222223
349,1827,2019,32.2,48.2,5.3,45.8,148.21,0.002797202797202797,6.828286719818638,2.8543060418010806,0.026874115983026876
350,1827,2020,29.3,50.0,5.2,46.0,133.26,0.004172461752433936,6.832932334948411,2.8567288903828825,0.022377622377622378
351,1827,2021,37.7,49.7,6.3,46.1,123.28,0.018030513176144243,6.837681915112046,2.857935264719429,0.027816411682892908
352,2503,2021,21.5,79.0,10.0,42.6,98.28,0.001049317943336831,6.976808337338066,3.5811528919662887,0.011681608258625374
353,1899,2019,33.1,30.5,0.0,45.0,109.47,0.0035252643948296123,6.938505815522181,2.929929560084588,0.021151586368977675
354,1899,2020,28.3,31.1,0.2,45.1,92.01,0.005827505827505828,6.92547525653882,2.9334872878487053,0.02937720329024677
355,1899,2021,36.8,34.4,0.2,44.5,66.27,0.0033407572383073497,6.904782063498492,2.9532763366673045,0.026806526806526808
356,4116,2018,7.3,57.5,0.9,42.7,131.6,0.0040844111640571815,6.871560268438761,3.1670217957902564,0.0034223134839151265
357,4116,2019,7.1,55.2,0.9,42.8,130.32,0.0028011204481792717,6.878150533371493,3.1547282074401557,0.006126616746085773
358,4116,2020,11.7,60.8,0.9,42.4,131.35,0.0034746351633078527,6.890331859109033,3.158060793936605,0.01680672268907563
359,4116,2021,7.8,67.3,0.6,42.3,117.6,0.001367053998632946,6.877002442116295,3.1652443261253107,0.01667824878387769
360,4401,2018,15.2,63.7,3.0,38.8,48.47,0.005649717514124294,6.843392571559062,3.2022157758011316,0.012812299807815503
361,4401,2019,15.9,65.3,2.5,38.8,44.66,0.004270896888346553,6.846273262435706,3.214578953570499,0.009416195856873822
362,4401,2020,15.1,69.2,3.0,38.5,42.59,0.0,6.846247460041565,3.230959555748569,0.01525320317266626
363,4401,2021,14.6,78.1,2.9,38.3,43.47,0.00282326369282891,6.8471191275486305,3.248218561190075,0.012338425381903642
364,5482,2018,30.5,55.5,1.0,39.4,83.02,0.011503371677905593,6.839534608818716,3.401572845676446,0.011303996770286637
365,5482,2019,30.8,63.5,1.3,39.4,75.76,0.010030864197530864,6.8513317444010635,3.413634997198556,0.00753669178897263
366,5482,2020,28.2,66.5,1.2,39.4,85.54,0.011265490048817123,6.860565577148221,3.425371166438941,0.011188271604938271
367,5482,2021,23.2,68.0,1.2,39.6,86.73,0.0148864905098623,6.850640109688784,3.4292676664331685,0.012767555388659407
368,5802,2018,20.2,70.5,1.5,43.1,72.54,0.012332343145197587,6.899820502427096,4.045674966769105,0.007472092185812028
369,5802,2019,19.3,80.0,1.6,43.2,72.42,0.011517857142857142,6.905256048748451,4.049218022670182,0.008731659015212891
370,5802,2020,18.7,82.5,1.9,43.1,80.55,0.010407479273240431,6.907411360774586,4.054536452654951,0.008571428571428572
371,5802,2021,17.5,84.5,2.1,43.0,80.92,0.008689546212586677,6.904715545278681,4.056638097379652,0.012171458811077791
372,3103,2018,9.3,59.2,4.5,40.0,349.75,0.00539568345323741,6.729526901864285,3.0461047872460387,0.0703862660944206
373,3103,2019,9.3,62.0,4.2,40.1,367.06,0.009640666082383873,6.743404470830071,3.0572856444182146,0.0
374,3103,2020,10.5,62.6,4.4,41.0,334.92,0.00596252129471891,6.755383901701773,3.0696680969115957,0.018404907975460124
375,3103,2021,10.2,74.1,3.4,40.4,326.79,0.007896625987078248,6.714127237401887,3.1439511164239633,0.05110732538330494
376,5947,2018,14.5,50.3,0.4,36.8,23.15,0.003844041735310269,6.788346154995963,3.5613399414589013,0.021514389494272142
377,5947,2019,17.4,53.3,0.4,37.1,22.43,0.004638472032742156,6.789812039261104,3.564073978977147,0.02059308072487644
378,5947,2020,18.7,57.1,0.4,37.7,23.97,0.005132360886007563,6.792462571780549,3.5684364144168854,0.02373806275579809
379,5947,2021,16.6,58.0,0.5,38.2,23.7,0.005055880787653007,6.800020824688683,3.5749567757645067,0.025661804430037818
380,4023,2018,10.2,76.3,2.5,42.9,45.37,0.002131060202450719,6.830010935936118,3.273464272621346,0.010485651214128035
381,4023,2019,11.8,82.5,3.3,42.9,34.64,0.0016348773841961854,6.809425028797034,3.263636068588108,0.011720831113478956
382,4023,2020,12.1,76.6,3.4,43.2,30.11,0.0027654867256637168,6.832733793468651,3.2571984261393445,0.020708446866485014
383,4023,2021,12.9,81.8,4.3,43.4,31.55,0.002359882005899705,6.854510142610749,3.229169702539101,0.017146017699115043
384,1905,2020,42.1,39.3,1.4,42.2,47.21,0.005319148936170213,6.813266194466392,2.27415784926368,0.0625
385,1905,2021,32.1,47.1,1.4,42.2,44.95,0.015625,6.811533383988331,2.2833012287035497,0.0
386,1946,2018,35.7,53.6,1.1,41.6,170.27,0.008547008547008548,6.848137368182926,3.680969718465897,0.009465713083718973
387,1946,2019,32.5,51.3,1.6,41.4,185.61,0.009674763277068753,6.840226073698741,3.6864575104691117,0.012507817385866166
388,1946,2020,29.7,56.0,1.7,41.2,182.02,0.007571107018620831,6.834482759484143,3.689042339028172,0.013379991766158913
389,1946,2021,34.1,65.3,1.5,41.3,161.84,0.008233841086867023,6.837159234169428,3.6864575104691117,0.01821158174749335
390,2811,2018,15.9,70.5,3.6,40.9,62.93,0.008917197452229299,6.87069189567982,3.1958996524092336,0.019500304692260818
391,2811,2019,14.9,81.4,4.5,41.2,56.03,0.011508951406649617,6.895358502220218,3.1942367487238292,0.014012738853503185
392,2811,2020,13.2,84.9,5.2,41.2,74.44,0.01193467336683417,6.888617107375375,3.20194306340165,0.011508951406649617
393,2811,2021,16.0,86.2,6.5,41.2,51.37,0.01303538175046555,6.8849337838706095,3.207095540419218,0.010050251256281407
394,1848,2019,22.5,43.6,2.9,44.2,188.77,0.002544529262086514,6.80952187213407,2.5943925503754266,0.040214477211796246
395,4410,2018,13.0,62.3,0.0,40.0,30.53,0.0022222222222222222,6.8316778491914665,2.6532125137753435,0.027586206896551724
396,4410,2019,10.3,61.0,0.0,39.9,37.96,0.002207505518763797,6.836513998890672,2.656098202012832,0.0
397,4410,2020,13.2,69.4,0.0,40.3,32.58,0.002207505518763797,6.84142204440236,2.656098202012832,0.02207505518763797
398,4410,2021,15.3,79.4,0.0,40.7,47.28,0.015384615384615385,6.847609671299165,2.6580113966571126,0.02869757174392936
399,5214,2018,22.0,51.3,0.3,44.4,35.06,0.009124087591240875,6.877371345869774,3.215901813204032,0.011459589867310011
400,5214,2019,20.4,58.3,0.6,44.7,36.53,0.01338199513381995,6.871105700985585,3.215901813204032,0.006082725060827251
401,5214,2020,18.9,57.5,0.6,45.0,38.05,0.011918951132300357,6.8938726787950815,3.2247919564926817,0.011557177615571776
402,5214,2021,18.1,67.9,0.9,45.1,36.49,0.012507444907683145,6.883150199683278,3.225050696138049,0.013110846245530394
403,4540,2019,17.7,62.0,5.4,43.7,37.63,0.009038619556285949,6.905418068702542,3.386320573894046,0.005048380311316786
404,4540,2020,14.5,65.2,5.6,43.7,36.12,0.010830324909747292,6.908922470816358,3.3967222785037734,0.011503697617091208
405,4540,2021,13.6,61.7,7.0,43.7,35.77,0.007892659826361484,6.90830338146697,3.4038066105474227,0.009626955475330927
406,5816,2019,10.0,26.8,1.8,48.5,70.04,0.0,6.743744878592461,2.0791812460476247,0.15079365079365079
407,5816,2020,10.0,27.8,1.9,48.8,70.71,0.0,6.7419390777291985,2.093421685162235,0.08333333333333333
408,1952,2018,34.6,35.3,2.3,43.8,134.5,0.003872216844143272,6.927432063380184,3.0141003215196207,0.02644466209598433
409,1952,2019,32.3,43.7,2.2,43.9,119.19,0.010367577756833177,6.931582750537067,3.025715383901341,0.01452081316553727
410,1952,2020,32.6,38.3,2.2,44.3,90.94,0.01289134438305709,6.930761322441568,3.035829825252828,0.0
411,1952,2021,44.9,48.5,2.0,44.2,82.15,0.009099181073703366,6.899463183816004,3.0409976924234905,0.026703499079189688
412,4183,2018,21.4,70.0,7.6,42.9,197.36,0.011896264572924102,6.928017164737982,3.623559390005437,0.012285581826611033
413,4183,2019,21.4,69.0,7.4,42.5,208.43,0.007185445650512154,6.937836174396285,3.8156441491319653,0.01284796573875803
414,4183,2020,21.1,73.8,7.7,42.2,181.56,0.010044977511244379,6.929470220527274,3.824125833916549,0.0062681547164042195
415,4183,2021,20.9,79.1,8.1,42.1,227.92,0.01063044441163443,6.928210623039168,3.830781075606361,0.010044977511244379
416,4043,2018,7.7,73.6,1.6,42.6,159.82,0.002140181915462814,6.781312168207195,3.271609301378832,0.03760593220338983
417,4043,2019,11.0,73.2,1.9,42.8,139.03,0.0015625,6.813992872609963,3.2833012287035497,0.018726591760299626
418,4043,2020,12.8,75.6,1.3,42.5,108.73,0.002598752598752599,6.8538126095820635,3.284205067701794,0.0109375
419,4043,2021,10.4,72.4,1.3,42.0,109.87,0.004847309743092583,6.8595747150945465,3.3144992279731516,0.010395010395010396
420,1949,2018,34.5,30.7,2.2,43.3,79.83,0.007346938775510204,6.886412206656983,3.0881360887005513,0.015806988352745424
421,1949,2019,35.5,34.4,1.3,43.7,82.09,0.006269592476489028,6.892106796172064,3.1058506743851435,0.015510204081632653
422,1949,2020,37.8,32.8,0.9,43.5,71.78,0.0074682598954443615,6.891480309901984,3.126780577012009,0.02037617554858934
423,1949,2021,38.3,40.4,0.8,43.6,74.49,0.009771986970684038,6.889022263207028,3.1861083798132053,0.014189693801344288
424,4536,2020,11.9,60.5,10.7,42.7,20.21,0.005518763796909493,6.913389943631755,3.2581581933407944,0.032240133407448586
425,4536,2021,11.2,83.5,12.6,42.9,22.3,0.004891304347826087,6.918449742401158,3.2648178230095364,0.030353200883002206
426,2001,2018,18.8,55.4,6.8,40.1,76.86,0.0020491803278688526,6.8544739567821935,2.9894498176666917,0.016293279022403257
427,2001,2019,17.4,61.9,6.8,39.9,71.7,0.0010204081632653062,6.853178998699173,2.9912260756924947,0.027663934426229508
428,2001,2020,17.0,66.7,8.0,40.0,69.92,0.005988023952095809,6.8620667672371845,3.0008677215312267,0.02142857142857143
429,2001,2021,15.4,75.5,8.2,40.0,71.04,0.00975609756097561,6.860720257054844,3.010723865391773,0.017964071856287425
430,2801,2018,12.1,74.6,7.4,42.7,140.1,0.011389521640091117,6.903126791889699,2.6424645202421213,0.05145413870246085
431,2801,2019,12.6,69.8,7.1,43.0,154.02,0.008988764044943821,6.90763860717228,2.6483600109809315,0.06150341685649203
432,2801,2020,12.0,76.7,9.7,43.2,156.84,0.015350877192982455,6.901565655700932,2.658964842664435,0.02696629213483146
433,2801,2021,11.3,77.8,8.0,42.8,194.87,0.008456659619450317,6.900930253674231,2.6748611407378116,0.043859649122807015
434,5930,2019,15.0,30.6,0.3,43.3,104.58,0.002048131080389145,6.813758339298704,3.2907022432878543,0.019311064718162838
435,5930,2020,21.0,51.2,0.8,43.4,87.08,0.004622496147919877,6.808241906017398,3.2893659515200318,0.016897081413210446
436,5930,2021,25.0,62.1,0.8,43.4,94.02,0.007172131147540984,6.841302332566383,3.290479813330673,0.019517205957883924
437,3407,2018,18.7,77.5,3.0,43.1,126.05,0.016856987493202826,6.886673372451748,3.8666417205660397,0.01697792869269949
438,3407,2019,18.7,77.8,3.3,42.7,157.89,0.01507470651013874,6.883389248772629,3.874829577879722,0.0076128330614464385
439,3407,2020,19.5,75.1,3.4,42.3,189.66,0.03290396633082515,6.896066658411816,3.8943714538562375,0.01027214514407684
440,3407,2021,19.6,88.2,3.7,41.8,178.48,0.02823215800315037,6.88598399717888,3.916611845109346,0.009565106491518939
441,1820,2018,35.6,19.8,0.0,43.5,134.5,0.006389776357827476,6.8882099440292315,3.398634324538392,0.017024726388325903
442,1820,2019,36.8,23.5,1.2,44.0,149.56,0.005520504731861199,6.905113853448004,3.404149249209695,0.014776357827476038
443,1820,2020,37.0,29.3,1.5,44.4,128.42,0.005372217958557176,6.922383491609524,3.415974411376566,0.013012618296529969
444,1820,2021,36.1,41.9,0.0,44.3,212.56,0.004843517138599106,6.937952270092834,3.4287825114969546,0.015349194167306216
445,4523,2018,8.6,59.3,6.0,42.8,66.35,0.008493236866939289,7.016584405979757,3.5022905279147727,0.0273972602739726
446,4523,2019,9.7,62.2,7.2,44.7,43.26,0.008511979823455234,7.018976213083718,3.501333178645566,0.036489462094998426
447,4523,2020,10.5,65.5,8.2,45.3,47.26,0.013057324840764332,7.041082527654154,3.496929648073215,0.02742749054224464
448,5803,2018,30.8,55.8,1.8,40.5,275.64,0.005282405526208858,6.85769425778655,3.3911116137028023,0.011829652996845425
449,5803,2019,29.3,60.3,2.1,41.6,354.63,0.009244992295839754,6.868703202278537,3.4143046881283317,0.017066233238520925
450,5803,2020,27.1,62.1,2.9,41.6,432.28,0.011940298507462687,6.854670331895336,3.428134794028789,0.015408320493066256
451,5803,2021,25.3,68.1,3.4,41.6,295.54,0.010131332082551596,6.846769953537219,3.425697213362591,0.023880597014925373
452,2809,2018,25.9,56.0,7.0,38.7,70.56,0.006374501992031873,6.780073015816539,3.399673721481038,0.02896825396825397
453,2809,2019,21.5,60.8,7.6,39.2,69.41,0.008719778042013475,6.775384323034728,3.4019172505175748,0.026294820717131476
454,2809,2020,18.7,59.6,8.4,39.8,60.52,0.01076555023923445,6.779480615844198,3.399327532158679,0.027348394768133173
455,2809,2021,18.4,74.6,9.4,40.3,68.01,0.009807928075194115,6.77920003467597,3.388633969351789,0.02711323763955343
456,5986,2018,14.9,49.7,1.7,37.9,82.91,0.0,6.701306984591611,2.510545010206612,0.012698412698412698
457,5986,2019,16.2,64.6,1.6,38.0,64.0,0.0,6.716857145248016,2.514547752660286,0.046296296296296294
458,3512,2018,1.4,53.4,2.8,43.5,30.89,0.008733624454148471,6.785821590785035,2.660865478003869,0.004282655246252677
459,3512,2019,1.3,54.3,2.9,43.8,31.66,0.0043859649122807015,6.794645493434327,2.658964842664435,0.013100436681222707
460,3512,2020,1.3,60.5,3.0,43.9,32.34,0.0022123893805309734,6.7988075568980895,2.655138434811382,0.008771929824561403
461,3512,2021,1.5,54.6,4.4,44.0,33.42,0.004524886877828055,6.795325990761194,2.645422269349092,0.004424778761061947
462,1869,2018,27.8,47.1,0.0,41.4,81.18,0.0021141649048625794,6.919078092376074,2.975891136401793,0.03205128205128205
463,1869,2019,27.2,51.4,0.5,41.2,76.11,0.0010330578512396695,6.919078092376074,2.9858753573083936,0.019027484143763214
464,1869,2020,31.6,54.6,0.6,41.2,73.23,0.003061224489795918,6.921842481405858,2.9912260756924947,0.012396694214876033
465,1869,2021,39.9,54.5,0.6,41.3,64.37,0.006066734074823054,6.92895884088083,2.9951962915971793,0.025510204081632654
466,8113,2018,22.0,54.8,9.1,41.1,43.95,0.006772009029345372,6.9379140927145615,3.123524980942732,0.023901310717039322
467,8113,2019,19.7,55.6,7.0,41.0,40.6,0.00357653791130186,6.93396368743131,3.1455071714096627,0.03160270880361174
468,8113,2020,19.6,60.0,10.7,41.0,45.96,0.002079002079002079,6.930942921471813,3.159266331093494,0.0357653791130186
469,8113,2021,17.6,63.4,11.9,41.4,42.06,0.002772002772002772,6.925590116009426,3.159266331093494,0.03465003465003465
470,4186,2019,19.1,74.7,2.5,43.1,20.46,0.005067567567567568,6.910410939914688,3.073351702386901,0.01854974704890388
471,4186,2020,20.2,75.3,3.0,43.3,22.57,0.0025020850708924102,6.912168896059627,3.0788191830988487,0.01097972972972973
472,4186,2021,17.5,78.3,3.3,43.3,27.21,0.0008123476848090983,6.896029912396227,3.090258052931316,0.012510425354462052
473,4620,2018,18.0,67.2,1.1,40.2,30.56,0.0,6.84048223639357,2.5899496013257077,0.020512820512820513
474,4620,2019,18.3,68.6,1.1,40.3,25.63,0.0025380710659898475,6.839474087797196,2.595496221825574,0.010282776349614395
475,4620,2020,16.6,72.6,1.0,40.7,26.88,0.0049261083743842365,6.835254282719457,2.6085260335771943,0.02030456852791878
476,4620,2021,13.9,70.8,1.0,40.7,24.62,0.002347417840375587,6.834149741499633,2.629409599102719,0.022167487684729065
477,2875,2018,25.5,42.4,4.4,39.6,45.76,0.004458314757021846,6.775901578891674,3.350829273582968,0.03188662533215235
478,2875,2019,24.5,49.2,4.7,40.1,47.7,0.002240143369175627,6.755112266395071,3.348694190265541,0.03700401248328132
479,2875,2020,22.9,60.8,5.5,40.9,44.27,0.0022123893805309734,6.746400644491561,3.3541084391474008,0.03808243727598566
480,2875,2021,20.2,66.2,6.4,41.0,43.4,0.004066877541798464,6.764796334271218,3.344981413927258,0.05442477876106195
481,4045,2018,7.7,92.2,1.6,46.3,43.75,0.007569386038687973,6.817837891410935,3.0751818546186915,0.02035830618892508
482,4045,2019,9.1,95.7,1.6,46.0,39.47,0.0076726342710997444,6.830787231220534,3.0692980121155293,0.018502943650126155
483,4045,2020,8.0,91.0,2.4,45.1,36.96,0.005847953216374269,6.834069565348809,3.0780941504064105,0.03836317135549872
484,4045,2021,8.5,89.3,2.3,45.5,39.83,0.005636070853462158,6.837958125521008,3.0941215958405612,0.014202172096908938
485,7943,2020,17.0,43.4,2.2,44.2,66.46,0.00784313725490196,6.8431935215858735,3.1055101847699738,0.02981651376146789
486,7943,2021,13.0,58.5,1.6,43.7,69.49,0.006870229007633588,6.838282123867803,3.1172712956557644,0.03137254901960784
487,1813,2021,30.2,51.4,1.8,46.6,70.3,0.0,6.876966064903805,2.886490725172482,0.017287234042553192
488,3405,2018,11.2,79.9,2.2,40.8,87.89,0.0035440047253396337,6.833626484372387,3.5296869537729165,0.011121130147279832
489,3405,2019,11.6,74.2,2.3,41.3,103.95,0.003131524008350731,6.828613629465857,3.583425500406507,0.010632014176018901
490,3405,2020,12.2,84.3,3.0,41.0,144.26,0.0052251803931326205,6.845257768964611,3.604118006192035,0.011482254697286013
491,3405,2021,11.7,87.8,3.8,40.9,140.35,0.0026309495336044007,6.8447423312859295,3.621280167550415,0.009703906444389152
492,3002,2019,6.4,65.3,1.7,43.2,35.52,0.001707455890722823,6.752844743810215,3.244771761495295,0.02618657937806874
493,3002,2020,7.5,65.3,1.8,43.3,26.36,0.0064591896652965355,6.765682931679708,3.231214647962601,0.02390438247011952
494,3002,2021,6.7,66.4,1.6,43.3,26.31,0.002294893861158921,6.774296477947026,3.2412973871099933,0.029359953024075163
495,4527,2019,14.2,65.3,18.9,40.3,37.79,0.0064285714285714285,6.873494982256169,3.146128035678238,0.01792573623559539
496,4527,2020,14.3,70.1,21.1,40.6,33.55,0.007462686567164179,6.867879783458379,3.1684974835230326,0.035
497,4527,2021,13.0,71.6,23.0,41.0,40.63,0.009810333551340745,6.854731017213942,3.1844074854123203,0.03188602442333786
498,4626,2019,15.1,69.7,5.6,40.3,106.45,0.012345679012345678,6.902327946306723,1.9084850188786497,0.08235294117647059
499,1964,2018,18.7,58.7,1.6,43.6,100.1,0.0,6.923550715004793,2.655138434811382,0.026490066225165563
500,1964,2021,21.6,62.0,0.9,43.8,59.76,0.0,6.934820719548133,2.656098202012832,0.02748414376321353
501,5707,2018,8.0,60.0,0.0,41.9,143.45,0.0,6.685473019722759,2.8221680793680175,0.016666666666666666
502,5707,2019,8.1,60.1,2.4,41.6,191.06,0.0,6.738939031203479,2.82865989653532,0.016566265060240965
503,5707,2020,8.6,63.7,2.2,41.6,155.01,0.0,6.752893154884593,2.8432327780980096,0.017804154302670624
504,5707,2021,8.6,68.6,2.3,41.9,207.65,0.0028530670470756064,6.7166709755601355,2.8457180179666586,0.03730272596843615
505,4901,2018,18.6,67.2,6.7,44.3,56.69,0.0031691155286660906,6.944482672150168,4.142514604999374,0.012256464753808005
506,4901,2019,18.1,65.7,6.9,44.5,48.18,0.0036229205175600738,6.949390006644912,4.131137273778607,0.011091904350331317
507,4901,2020,20.5,71.4,5.8,44.1,39.17,0.004416298641779851,6.949390006644912,4.079217435746567,0.013308687615526803
508,4901,2021,20.5,68.7,5.4,44.1,36.51,0.006997506635566637,6.954242509439325,4.094575933649249,0.02458128489292559
509,4917,2018,13.1,62.2,4.7,41.0,15.78,0.008960573476702509,6.903778828614698,2.7466341989375787,0.01303538175046555
510,4917,2019,11.3,57.0,5.6,41.0,17.16,0.0156794425087108,6.92348830534033,2.7589118923979736,0.007168458781362007
511,4917,2020,12.0,72.1,7.5,41.1,20.38,0.0017064846416382253,6.925328080669612,2.767897616018091,0.006968641114982578
512,4917,2021,14.7,84.4,6.4,41.1,16.46,0.001644736842105263,6.91998220985878,2.783903579272735,0.015358361774744027
513,5122,2018,18.5,51.1,1.7,38.5,68.19,0.0,6.7589678023219895,3.0068937079479006,0.016494845360824743
514,5122,2019,18.1,53.8,2.2,38.3,64.68,0.0,6.776200440021909,3.028977705208778,0.01968503937007874
515,3880,2020,22.0,64.4,1.5,41.2,325.97,0.005658242172764994,6.784138234891661,3.4234097277330933,0.02786624203821656
516,3880,2021,23.5,78.7,2.2,41.8,215.93,0.006491027109583811,6.791613184743935,3.418135498425232,0.053187476423990944
517,5334,2019,21.2,77.0,1.3,38.2,74.22,0.005762179151388162,6.817610515330577,3.7579271831133294,0.023605525441510754
518,5334,2020,21.0,78.4,1.5,38.6,84.68,0.005722212588867696,6.839604609117334,3.7609499514108973,0.013794307665444386
519,5334,2021,19.0,83.5,2.0,39.3,69.71,0.005099439061703213,6.82991213089291,3.7695988483874463,0.017513438529564766
520,1803,2018,39.3,42.6,1.6,44.5,154.41,0.0019173617102866455,6.985022082109535,4.018325945402921,0.009077011274603478
521,1803,2019,36.6,47.5,1.6,44.5,158.72,0.002126014688828759,6.985561187773345,4.014856420044506,0.00881986386731857
522,1803,2020,32.5,49.9,2.1,44.4,134.27,0.001934984520123839,7.0043643711077515,4.014352500651009,0.00676459219172787
523,1803,2021,33.1,51.2,2.5,42.9,150.21,0.0027927580893682587,7.002900068611387,4.016364679456294,0.008320433436532508
524,1925,2018,30.4,53.5,2.9,38.7,127.84,0.0038682139522475656,6.94404564091546,4.1759175065100935,0.025442856165788934
525,1925,2019,29.6,55.1,2.9,38.7,126.92,0.0042103899468843116,6.95119365313979,4.18859103659399,0.031345871682006136
526,1925,2020,29.7,56.5,3.6,38.8,126.4,0.005219797497012767,6.957755170991829,4.201424437579911,0.030250032387614974
527,1925,2021,30.2,68.4,4.2,38.9,121.99,0.006026319025950067,6.963066535893642,4.211173956728494,0.032073454499717
528,7947,2018,10.9,34.9,5.9,40.1,148.97,0.0024783147459727386,6.81298016603948,2.90687353472207,0.022641509433962263
529,7947,2019,10.5,39.5,6.0,40.4,129.91,0.0024600246002460025,6.816042340921997,2.910090545594068,0.01734820322180917
530,7947,2020,10.0,53.1,7.3,40.4,126.44,0.0011792452830188679,6.815511337362764,2.9283958522567137,0.02952029520295203
531,7947,2021,9.9,53.6,7.5,40.5,120.67,0.0,6.821251431545941,2.9469432706978256,0.014150943396226415
532,1822,2018,49.2,17.1,0.4,44.8,134.22,0.004273504273504274,6.853889162042733,2.971275848738105,0.018599562363238512
533,1822,2019,49.7,17.5,0.4,44.9,136.69,0.008307372793354102,6.877770551984092,2.9836262871245345,0.01282051282051282
534,1822,2020,49.5,18.6,0.9,45.1,134.77,0.0050200803212851405,6.8867571986931235,2.998259338423699,0.024922118380062305
535,1822,2021,49.8,39.7,1.2,45.2,120.46,0.002976190476190476,6.906019929308016,3.0034605321095067,0.02208835341365462
536,5108,2018,21.6,75.7,1.8,39.3,37.21,0.004479694499522655,6.840168849240756,4.134081437462512,0.014086541934551758
537,5108,2019,24.2,73.3,3.0,39.8,50.7,0.004596527068437181,6.857392810920901,4.136910727481376,0.017037526621135345
538,5108,2020,24.9,75.0,2.5,40.1,62.23,0.004689165186500888,6.859318465097116,4.148448403523384,0.013716620458193492
539,5108,2021,22.2,79.5,2.9,40.0,55.57,0.004805382027871216,6.862250674597925,4.163370120225884,0.018756660746003552
540,4093,2018,10.8,40.8,0.0,41.9,133.62,0.0,6.771219901949533,2.0293837776852097,0.030303030303030304
541,4093,2019,10.0,43.2,0.0,41.4,113.0,0.0,6.770041554319668,2.0569048513364727,0.028037383177570093
542,4093,2020,8.8,44.6,0.0,41.5,112.75,0.0,6.7615519885641815,2.0718820073061255,0.0
543,4093,2021,9.3,54.9,0.0,41.6,115.15,0.0,6.763802224074593,2.060697840353612,0.01694915254237288
544,4063,2018,14.0,70.4,4.3,42.4,39.13,0.0003522367030644593,6.925982100327103,3.4531653925258574,0.004285714285714286
545,4063,2019,14.8,61.2,5.7,42.3,40.76,0.0024104683195592287,6.925930597868471,3.462996612028056,0.0
546,4063,2020,16.4,62.9,5.1,42.1,40.23,0.00033211557622052476,6.932423026376739,3.4787107555127594,0.004476584022038568
547,4063,2021,15.5,73.6,5.7,42.1,47.19,0.0,6.931915317081246,3.496929648073215,0.006974427100631019
548,4403,2018,12.9,66.1,2.9,42.5,46.5,0.0012062726176115801,6.868341678411153,3.2195845262142546,0.009052504526252263
549,4403,2019,13.6,65.2,3.3,42.8,41.92,0.001199040767386091,6.880693173157004,3.22219604630172,0.011459589867310011
550,4403,2020,14.7,66.4,3.6,43.1,43.98,0.0006067961165048543,6.89002365604241,3.216957207361097,0.011990407673860911
551,4403,2021,14.1,69.4,4.2,43.4,38.87,0.0005970149253731343,6.891906200518994,3.224014811372864,0.013956310679611651
552,2897,2019,25.0,73.0,3.9,40.2,62.12,0.006436781609195402,6.9014554333554505,3.337459261290656,0.025440313111545987
553,2897,2020,22.1,96.6,3.1,40.0,65.38,0.004488330341113106,6.897692230577403,3.3479151865016914,0.03816091954022988
554,2897,2021,21.0,90.8,3.3,39.8,69.48,0.004795117698343505,6.895847791660552,3.360593413565249,0.03770197486535009
555,2268,2018,40.8,34.5,10.0,40.9,95.11,0.0,6.878204230839158,2.3201462861110542,0.05339805825242718
556,3402,2018,20.5,83.9,4.5,37.2,137.99,0.0034626038781163434,6.843686960848052,3.858537197569639,0.013844662882458812
557,3402,2019,20.6,83.5,4.4,37.7,141.06,0.0036721311475409837,6.848876052357241,3.8822398480188234,0.015235457063711912
558,3402,2020,20.0,85.0,4.9,38.1,132.14,0.0026367831245880024,6.857043715247887,3.879955585122749,0.01337704918032787
559,3402,2021,19.4,91.7,5.1,38.5,115.4,0.004492600422832981,6.857399143456402,3.878981123393736,0.02043506921555702
560,2502,2018,21.6,64.2,8.1,43.0,151.54,0.0050330292544825414,7.005309236848516,3.5022905279147727,0.0031635558367605187
561,2502,2019,21.1,64.3,8.4,42.9,112.02,0.008400746733042938,6.996642991355473,3.5070458724273257,0.004403900597672224
562,2502,2020,20.6,69.1,19.1,43.0,177.39,0.008353960396039604,6.991794496369155,3.5094713521025485,0.005600497822028625
563,2502,2021,19.5,70.0,6.8,42.9,147.66,0.009579728059332509,6.9796240282221955,3.5100085129402347,0.007425742574257425
564,4539,2018,2.1,32.6,11.2,40.8,206.06,0.002074688796680498,6.839303163071876,2.6830470382388496,0.030425963488843813
565,4539,2019,2.0,39.0,10.4,40.4,211.66,0.0,6.832693512489633,2.680335513414563,0.04771784232365145
566,4516,2018,5.0,63.2,4.9,40.7,21.4,0.0023161551823972205,6.879841055986563,3.237292337567459,0.005750431282346176
567,5901,2018,33.0,48.5,1.0,40.6,52.86,0.008725459644749143,6.865887959107042,3.506369717095504,0.015238571071696228
568,5901,2019,32.0,52.9,2.4,40.1,47.16,0.012746972594008922,6.8742102552751465,3.496652939250918,0.020255531318167652
569,5901,2020,31.0,55.4,2.6,40.2,44.88,0.011411182959300114,6.873233792382081,3.419790586106363,0.019757807520713832
570,5901,2021,31.7,62.9,2.1,40.4,41.97,0.014774494556765163,6.867468018204771,3.4102709642521845,0.030429821224800303
571,4028,2018,6.6,75.4,3.9,43.2,128.6,0.011131725417439703,6.802577735612135,3.03261876085072,0.028933092224231464
572,4028,2019,7.2,75.9,4.1,43.7,124.1,0.011538461538461539,6.812742946148018,3.0170333392987803,0.017625231910946195
573,4028,2020,6.6,75.6,4.9,44.1,125.87,0.013084112149532711,6.8238346222666255,3.0293837776852097,0.020192307692307693
574,4028,2021,5.6,77.0,5.3,43.9,110.48,0.011754068716094032,6.8272119420638955,3.0437551269686796,0.01588785046728972
575,4519,2018,18.0,60.1,12.0,41.7,20.55,0.013267626990144048,6.979760599065553,3.7223047868743278,0.008617234468937876
576,4519,2019,18.3,59.6,12.7,42.7,21.65,0.021088572002410124,6.979128854905111,3.6971421262754594,0.009666413949962092
577,4519,2020,9.3,67.9,11.0,43.0,28.56,0.022632519356759976,6.992971352819666,3.702171950857711,0.014259891544486845
578,4519,2021,17.9,64.0,12.5,43.0,30.8,0.019183168316831683,7.007454167375018,3.68556261115823,0.013500099265435776
579,2206,2020,24.5,71.0,5.0,43.2,47.72,0.009478672985781991,6.9179029145556035,3.1693804953119495,0.02168021680216802
580,2004,2018,14.7,54.8,4.1,39.2,97.29,0.002575107296137339,6.839357924141498,3.0663259253620376,0.02366345311130587
581,2004,2019,13.4,55.1,4.4,39.3,95.74,0.0017123287671232876,6.833900956250422,3.0674428427763805,0.014592274678111588
582,2004,2020,13.3,58.2,5.0,39.3,108.76,0.0017006802721088435,6.843980155488133,3.0704073217401198,0.012842465753424657
583,2004,2021,10.0,60.2,6.6,39.3,117.94,0.0,6.832436864939817,3.079904467666721,0.01870748299319728
584,5991,2018,23.6,87.2,0.5,40.2,118.58,0.008001778172927318,6.853188498733203,3.653115993165567,0.013045434098065677
585,5991,2019,24.4,87.2,0.9,40.3,117.83,0.00411968777103209,6.855423382266469,3.6638892986226614,0.012447210491220271
586,5991,2020,23.4,89.4,1.2,40.0,122.55,0.00426829268292683,6.8575913673478786,3.69196510276736,0.011274934952298352
587,5991,2021,21.2,89.9,1.9,40.0,102.85,0.0045589692765113975,6.863089051575593,3.7028611705729295,0.011585365853658536
588,1975,2018,41.6,38.9,0.0,44.7,166.78,0.008036739380022962,6.932187167687093,2.9400181550076634,0.01710376282782212
589,1975,2019,41.4,42.6,0.0,44.8,160.71,0.008928571428571428,6.956883226777802,2.9523080096621253,0.024110218140068886
590,1975,2020,44.4,43.1,0.0,44.9,111.13,0.0054525627044711015,6.991595202036439,2.962369335670021,0.015625
591,1975,2021,47.6,43.6,0.5,44.9,108.65,0.010752688172043012,6.943352332914178,2.9684829485539352,0.016357688113413305
592,2594,2018,14.8,41.0,2.3,44.1,35.59,0.0023752969121140144,6.785857573609136,2.9253120914996495,0.014527845036319613
593,2914,2020,17.8,82.0,6.2,42.7,86.98,0.0029502480890438512,6.915124659701349,3.8725641430906514,0.00886041439476554
594,2914,2021,17.3,85.0,6.5,43.0,85.1,0.006966773847802787,6.932387962747618,3.8729716307384434,0.009789459568190962
595,7888,2018,19.4,59.8,1.7,41.5,112.02,0.0017605633802816902,6.682145076373832,2.754348335711019,0.01639344262295082
596,7888,2019,17.8,63.5,1.9,41.2,90.96,0.0017211703958691911,6.680607428991788,2.7641761323903307,0.02112676056338028
597,7888,2020,20.2,65.0,2.5,40.5,90.52,0.0,6.680607428991788,2.780317312140151,0.022375215146299483
598,7886,2018,10.0,60.0,7.4,45.4,295.87,0.0,6.6306312440205,2.0569048513364727,0.06481481481481481
599,7886,2019,12.0,65.0,3.6,44.1,290.84,0.0,6.651665603922935,2.037426497940624,0.0
600,7886,2020,10.0,70.0,3.6,43.5,385.62,0.0,6.625723909525756,2.089905111439398,0.05504587155963303
601,7886,2021,12.3,64.5,0.0,45.8,352.07,0.0,6.669037800885156,2.0253058652647704,0.0
602,5970,2020,28.4,58.0,2.6,38.9,56.14,0.008532423208191127,6.803898492293827,3.068927611682072,0.03675213675213675
603,5970,2021,25.8,62.0,2.0,39.1,64.33,0.00774526678141136,6.792262923111174,3.065206128054312,0.028156996587030716
604,4919,2018,27.7,34.2,6.9,35.9,19.17,0.0049504950495049506,6.820994029574022,2.782472624166286,0.010362694300518135
605,4919,2019,29.2,34.5,9.3,36.1,16.63,0.010086455331412104,6.832341613244352,2.841359470454855,0.024752475247524754
606,5979,2018,13.0,47.0,0.0,42.0,15.02,0.0,6.644662670932245,2.385606273598312,0.03292181069958848
607,5979,2019,14.0,46.7,0.0,41.9,15.51,0.0,6.660665637606189,2.380211241711606,0.037037037037037035
608,5979,2020,13.0,55.2,0.0,41.8,15.01,0.004219409282700422,6.674940922395466,2.374748346010104,0.029166666666666667
609,5979,2021,12.3,62.7,0.0,40.5,15.57,0.0,6.678852575231316,2.3654879848909,0.05063291139240506
610,5162,2018,15.1,59.7,1.8,37.6,147.35,0.0037174721189591076,6.660049603966535,2.429752280002408,0.02214022140221402
611,5162,2019,18.0,58.9,1.7,38.8,147.98,0.0,6.660560796071059,2.44870631990508,0.022304832713754646
612,5162,2020,16.0,62.6,6.5,38.4,144.85,0.0,6.707496169419193,2.48572142648158,0.028469750889679714
613,5162,2021,13.8,73.3,6.3,38.7,120.77,0.0,6.682449427292181,2.5024271199844326,0.0
614,1662,2018,13.3,70.5,4.5,39.6,19.54,0.010033444816053512,6.909266313833394,2.952792443044092,0.008869179600886918
615,1662,2019,9.5,70.3,5.4,40.7,16.35,0.0087527352297593,6.906394416470644,2.960946195733831,0.016722408026755852
616,1662,2020,15.0,68.8,5.2,40.5,29.05,0.0055309734513274336,6.922947840765915,2.9561684304753633,0.018599562363238512
617,1662,2021,18.6,74.2,5.6,40.9,25.21,0.007616974972796518,6.938443817076605,2.9633155113861114,0.02654867256637168
618,2819,2019,9.5,71.5,4.8,41.6,47.93,0.0,6.847049586962942,2.7015679850559273,0.018145161290322582
619,2229,2018,14.8,60.2,21.5,40.2,27.98,0.0039548022598870055,6.881457356489563,3.247973266361807,0.009849362688296639
620,2229,2021,14.4,68.6,20.4,40.3,25.05,0.0056657223796034,6.857332496431268,3.2467447097238415,0.012103746397694525
621,4968,2018,19.1,62.8,1.0,41.0,58.46,0.0013386880856760374,6.848004271497269,2.873320601815399,0.016194331983805668
622,4968,2019,18.1,64.4,1.0,41.1,62.82,0.0013297872340425532,6.8567288903828825,2.876217840591642,0.01740294511378849
623,4968,2020,16.8,68.3,1.0,41.3,68.74,0.0,6.851380667965596,2.88930170250631,0.015957446808510637
624,4968,2021,17.2,68.3,1.0,41.6,76.67,0.007772020725388601,6.833019547076532,2.887617300335736,0.01806451612903226
625,4922,2021,20.6,66.6,13.1,42.3,22.12,0.0039946737683089215,6.938126130111522,2.8756399370041685,0.018820577164366373
626,4926,2018,25.0,56.4,87.3,35.2,22.95,0.012773722627737226,6.6105149482086585,3.0398105541483504,0.15875754961173424
627,4926,2019,24.0,46.7,88.4,35.8,24.21,0.011267605633802818,6.620230610480454,3.0273496077747564,0.17883211678832117
628,4926,2020,19.9,60.7,87.5,36.1,25.09,0.006535947712418301,6.6669034330011865,3.029789470831856,0.13708920187793427
629,4926,2021,15.5,76.2,88.7,36.4,53.28,0.012487992315081652,6.609777158594666,3.017450729510536,0.11297852474323063
630,4368,2021,14.2,66.2,1.2,42.4,24.6,0.006423982869379015,6.81444258481173,2.6693168805661123,0.029213483146067417
631,4971,2021,17.3,73.7,20.5,42.1,20.65,0.0,6.844481214230671,2.3636119798921444,0.022222222222222223
632,4985,2020,10.4,74.3,6.5,42.4,78.11,0.003147128245476003,6.816932173518162,3.104145550554008,0.012728719172633254
633,4985,2021,11.0,73.0,6.7,42.9,68.8,0.003952569169960474,6.8097472624168685,3.1020905255118367,0.00865460267505901
634,4967,2019,10.4,61.8,7.3,40.3,35.79,0.011049723756906077,6.81557728348283,3.1027766148834415,0.01062959934587081
635,4967,2020,10.6,67.2,9.6,40.9,31.62,0.0029717682020802376,6.838529735433411,3.1290450598879582,0.018942383583267563
636,4967,2021,12.1,70.9,8.5,40.4,30.14,0.003536067892503536,6.833371598799079,3.150449409460881,0.021545319465081723
637,5741,2020,29.9,56.1,3.4,39.9,191.85,0.01403148528405202,6.822984426242897,3.465680211598278,0.031217116801122415
638,5741,2021,27.2,64.8,3.7,40.1,180.21,0.014222824246528954,6.81518311813288,3.4702634469650784,0.03456536618754278
639,3434,2021,9.5,58.6,1.1,42.9,103.69,0.009478672985781991,6.78152639444688,2.625312450961674,0.034722222222222224
640,3955,2018,19.8,47.1,2.0,40.6,39.61,0.008793969849246231,6.728409546722967,2.900913067737669,0.033962264150943396
641,3955,2019,16.4,52.5,2.5,41.0,36.05,0.006385696040868455,6.728096619800527,2.8937617620579434,0.0364321608040201
642,4240,2018,2.2,43.4,0.0,43.3,9.94,0.0,6.563599728881531,1.7481880270062005,0.09523809523809523
643,4240,2019,5.8,44.6,0.0,43.9,9.56,0.0,6.566083784167996,1.7708520116421442,0.125
644,4240,2020,8.4,48.0,0.0,43.4,11.52,0.0,6.577376891917014,1.845098040014257,0.05084745762711865
645,1712,2018,33.4,55.8,5.3,41.2,78.7,0.014492753623188406,6.80635474234308,2.1398790864012365,0.02727272727272727
646,5742,2018,17.8,50.0,0.0,40.2,69.49,0.0,6.73029766209715,2.2624510897304293,0.05714285714285714
647,5742,2019,20.5,50.9,3.4,38.6,58.71,0.0,6.695306522431802,2.330413773349191,0.04371584699453552
648,5742,2020,13.1,47.2,3.3,38.3,73.21,0.004132231404958678,6.646109521978848,2.383815365980431,0.04205607476635514
649,5742,2021,11.9,71.4,2.9,37.8,87.38,0.0,6.6464037262230695,2.383815365980431,0.028925619834710745
650,4925,2019,1.1,53.6,45.0,37.9,42.02,0.011695906432748537,6.573060722971425,2.7101173651118162,0.056485355648535567
651,4925,2020,3.1,62.3,50.0,37.6,52.1,0.013435700575815739,6.571390387712226,2.7168377232995247,0.09746588693957114
652,4925,2021,3.4,80.9,63.5,37.3,41.31,0.013282732447817837,6.572528559908051,2.7218106152125467,0.1746641074856046
653,2613,2018,16.3,64.9,3.9,43.2,73.67,0.0031479538300104933,6.858765352762414,2.979092900638326,0.011603375527426161
654,2613,2019,16.8,63.0,5.0,43.1,69.34,0.0020304568527918783,6.836622511493146,2.9934362304976116,0.008394543546694649
655,2613,2020,17.6,69.7,5.2,43.5,70.75,0.001976284584980237,6.856453367281829,3.0051805125037805,0.014213197969543147
656,2613,2021,17.9,79.1,5.8,43.2,74.94,0.0009624639076034649,6.860757123081542,3.016615547557177,0.015810276679841896
657,1718,2018,12.0,23.8,6.7,41.7,80.78,0.0036363636363636364,6.763264802962357,2.439332693830263,0.07172995780590717
658,1718,2019,11.2,34.0,7.7,41.8,55.15,0.0036101083032490976,6.722292192480998,2.4424797690644486,0.06909090909090909
659,1718,2020,18.8,42.3,6.5,42.0,54.53,0.0,6.739484210908219,2.4313637641589874,0.061371841155234655
660,1718,2021,8.6,48.8,7.1,41.9,82.96,0.0036101083032490976,6.766908804754526,2.4424797690644486,0.07037037037037037
661,1721,2018,32.1,45.5,0.9,43.7,18.45,0.006549465701482247,6.855509100755867,3.4625477288026643,0.013783597518952447
662,1721,2019,28.4,44.4,1.5,44.2,20.03,0.007029876977152899,6.856352056512636,3.45408227073109,0.008617718028266115
663,1721,2020,23.7,53.3,1.7,44.6,29.09,0.0027981811822315496,6.856436987488237,3.456214155357989,0.009490333919156414
664,1721,2021,23.2,55.0,2.3,44.9,53.13,0.0031982942430703624,6.8607009250790565,3.449324093098727,0.007694998251136761
665,1720,2020,35.7,43.3,0.1,45.8,128.97,0.006341656757827983,6.971220537628217,3.4019172505175748,0.015766653527788728
666,1720,2021,33.0,57.0,0.0,45.5,174.52,0.005434782608695652,6.975746362749596,3.4109458586877746,0.015457788347205707
667,4568,2018,14.8,55.9,5.9,43.4,69.24,0.003580177124552478,7.054428114500838,3.7248490876293854,0.0072992700729927005
668,4568,2019,14.9,58.4,6.5,43.7,64.91,0.003920104536120963,7.042939608030694,3.7289216463728594,0.004333898624458263
669,4568,2020,14.2,64.6,7.2,44.0,67.76,0.0032638259292837716,7.040570221702457,3.7415455167762093,0.006720179204778794
670,4568,2021,12.7,71.4,7.9,44.2,76.15,0.0025,7.051801587312267,3.7481880270062002,0.009066183136899365
671,4188,2019,20.8,65.4,8.0,43.1,368.8,0.00707395498392283,6.917213536128668,4.337858429041094,0.012237762237762238
672,4188,2020,21.4,74.6,3.1,42.7,411.91,0.00472632049562496,6.919870453626489,4.194708551575123,0.009416628387689481
673,4188,2021,23.3,72.6,6.6,43.1,340.68,0.0034386672200154146,6.898403399350264,4.2270378449302255,0.011177109280194162
674,1605,2018,19.8,78.2,2.6,39.4,32.92,0.0022675736961451248,6.963799864688831,3.1215598441875008,0.00648508430609598
675,1605,2019,18.2,79.7,2.8,39.6,33.7,0.011372867587327376,6.965061650236647,3.090258052931316,0.017384731670445956
676,1605,2020,18.2,81.7,3.1,39.5,43.23,0.01423785594639866,6.961465043393448,3.0770043267933502,0.010560519902518278
677,1605,2021,18.2,77.3,3.3,39.3,44.18,0.01488833746898263,6.96471189081341,3.0824263008607717,0.01507537688442211
678,2269,2019,12.8,63.8,2.5,39.1,44.44,0.0021082220660576245,6.890141683783506,3.931356150467928,0.013972055888223553
679,2269,2020,13.0,67.0,2.9,39.1,45.09,0.0032628144405852017,6.896068368736215,3.9777693180915743,0.017100023424689623
680,2269,2021,12.1,71.6,3.3,40.4,59.08,0.004121314593680651,6.898384960688038,3.976028840091126,0.015998315966740343
681,2270,2018,15.6,65.3,3.2,39.7,124.98,0.0023079459281239697,6.841096561378665,3.4818724103106633,0.014975041597337771
682,2270,2019,14.2,73.2,3.7,40.9,121.89,0.0031928480204342275,6.8482843433264,3.495821753385906,0.014507088691064951
683,2270,2020,13.3,80.8,4.2,40.0,115.43,0.003189792663476874,6.85082849035957,3.496237545166735,0.0140485312899106
684,2270,2021,17.2,80.7,5.3,40.0,105.99,0.0019083969465648854,6.852931376447854,3.4974825373673704,0.019138755980861243
685,4577,2020,18.8,65.2,14.3,38.5,49.59,0.001697792869269949,6.711038987162772,2.7701152947871015,0.01353637901861252
686,4577,2021,15.8,66.0,14.8,38.5,39.44,0.008012820512820512,6.725592978378092,2.795184589682424,0.02037351443123939
687,5020,2019,23.4,86.4,2.6,42.3,127.58,0.011125275234673774,7.08368389635508,3.9359604689891663,0.008749189889825017
688,5020,2020,23.9,94.1,2.8,42.7,120.8,0.011616218027476824,7.080898845540327,3.951968584492911,0.018078572256344884
689,1417,2018,25.2,53.3,2.7,41.9,46.48,0.007701193685021178,6.806331204275104,3.4144719496293026,0.023228803716608595
690,1417,2019,24.6,57.1,3.4,42.3,46.17,0.006137322593018795,6.819324693102744,3.416141031168329,0.019252984212552945
691,1417,2020,23.6,64.7,2.9,42.6,48.64,0.0064030131826741995,6.829465236020037,3.4240645254174877,0.023782125047947834
692,1417,2021,25.7,65.3,2.9,43.1,103.37,0.007363770250368188,6.825541200294021,3.433929765608464,0.017325800376647833
693,4927,2018,18.4,58.2,26.9,40.3,108.53,0.004439511653718091,6.803450833355753,2.954724790979063,0.07344632768361582
694,4927,2019,11.8,50.6,28.9,41.8,80.15,0.0,6.877846218141322,2.12057393120585,0.04772475027746948
695,4927,2020,11.1,58.9,32.6,43.0,84.24,0.0,6.912440849682246,2.103803720955957,0.06818181818181818
696,4927,2021,11.9,66.7,27.8,44.0,88.89,0.00684931506849315,6.894051860387008,2.164352855784437,0.06299212598425197
697,4189,2020,19.6,85.8,4.1,40.3,122.15,0.0,6.889749775264038,2.786041210242554,0.016666666666666666
698,4189,2021,19.7,77.5,3.9,39.8,125.73,0.0015174506828528073,6.886095732437747,2.8188854145940097,0.019639934533551555
699,5703,2019,20.2,61.1,2.5,37.6,99.51,0.0031628887717448603,6.736336892264327,3.2780673308886628,0.021024258760107817
700,5703,2020,16.2,63.5,2.6,37.6,104.83,0.004056795131845842,6.725159701256314,3.2949069106051923,0.025830258302583026
701,4929,2020,15.0,49.3,13.8,33.7,24.29,0.0,6.7794502349199615,2.110589710299249,0.0
702,4929,2021,16.1,53.5,11.1,34.6,13.61,0.024793388429752067,6.768997891296338,2.0827853703164503,0.07751937984496124
703,4980,2020,22.0,67.2,2.7,43.6,90.73,0.007485963817841547,6.84241488678778,3.204933522354145,0.03470031545741325
704,4980,2021,19.4,68.4,2.8,43.9,108.89,0.007481296758104738,6.8232845588768996,3.2052043639481447,0.021834061135371178
705,2060,2021,8.9,55.7,1.6,39.3,126.65,0.0038910505836575876,6.821775467183463,2.710963118995276,0.03621730382293763
