,証券コード,環境(5),企業統治(5),社会性(5),30歳平均賃金,月平均残業時間,有休取得率/前期,従業員の能力・評価結果の公開,勤続年数合計/前期,3年以内離職率
0,1332.0,4.0,5.0,5.0,295405.0,16.7,69.4,1.0,16.9,0.14583333333333334
1,1333.0,4.0,5.0,4.0,258921.0,16.3,41.6,1.0,15.7,0.06896551724137931
5,1662.0,4.0,5.0,4.0,352741.0,18.7,73.3,1.0,16.6,0.0
6,1605.0,4.0,5.0,5.0,370443.0,21.3,65.0,3.0,14.1,0.05357142857142857
7,1852.0,3.0,4.0,4.0,291013.0,26.3,45.9,1.0,21.5,0.8
8,1869.0,3.0,3.0,3.0,276072.0,34.1,61.8,3.0,17.1,0.1111111111111111
10,1899.0,3.0,3.0,3.0,354409.0,35.8,60.3,1.0,17.5,0.2
11,1848.0,2.0,2.0,2.0,343834.0,15.0,45.5,1.0,15.5,0.14285714285714285
12,1813.0,3.0,4.0,3.0,278950.0,27.2,55.2,1.0,19.8,0.1794871794871795
13,1718.0,3.0,3.0,3.0,214500.0,8.6,60.3,1.0,11.8,0.6363636363636364
14,1805.0,3.0,3.0,3.0,316000.0,28.9,56.9,1.0,19.4,0.14035087719298245
18,1963.0,4.0,4.0,4.0,339423.0,18.8,60.2,1.0,17.8,0.1958762886597938
19,1890.0,4.0,3.0,3.0,310100.0,33.8,44.8,1.0,18.0,0.15517241379310345
20,1835.0,4.0,4.0,3.0,292818.0,29.8,73.1,2.0,13.6,0.19230769230769232
21,1720.0,5.0,5.0,4.0,411290.0,27.0,57.6,1.0,20.0,0.1326530612244898
24,1808.0,4.0,4.0,4.0,322500.0,32.0,64.9,1.0,17.0,0.13592233009708737
25,1975.0,3.0,3.0,3.0,298872.0,42.6,51.3,2.0,20.1,0.23076923076923078
26,1941.0,3.0,3.0,3.0,271319.0,31.4,61.8,2.0,18.2,0.20300751879699247
28,1925.0,5.0,4.0,5.0,268850.0,24.2,59.6,1.0,14.4,0.20641711229946524
29,1802.0,5.0,5.0,5.0,364500.0,39.0,56.0,3.0,17.1,0.05
30,1822.0,3.0,3.0,3.0,416426.0,50.0,42.8,1.0,19.3,0.27906976744186046
31,1878.0,5.0,5.0,4.0,257463.0,14.6,76.9,1.0,10.5,0.3524804177545692
32,1801.0,5.0,5.0,5.0,387765.0,41.6,46.5,1.0,18.2,0.08366533864541832
34,1979.0,5.0,4.0,4.0,290823.0,32.8,57.2,1.0,17.4,0.12962962962962962
37,1928.0,5.0,5.0,5.0,272923.0,24.4,45.9,1.0,16.5,0.10472279260780287
38,1820.0,5.0,5.0,4.0,313500.0,34.6,48.3,1.0,18.0,0.13
39,1803.0,5.0,5.0,5.0,383200.0,32.1,52.0,1.0,16.5,0.038461538461538464
40,1952.0,4.0,4.0,3.0,266333.0,30.4,52.0,1.0,16.6,0.2
41,1810.0,3.0,3.0,3.0,274482.0,21.8,42.1,2.0,18.6,0.25
43,1949.0,3.0,3.0,3.0,303300.0,33.8,55.9,3.0,17.4,0.09803921568627451
44,1812.0,5.0,5.0,5.0,369000.0,42.0,44.4,2.0,18.3,0.03319502074688797
45,1961.0,5.0,5.0,5.0,275602.0,29.9,54.5,1.0,18.6,0.125
46,1821.0,5.0,4.0,4.0,378500.0,39.6,48.3,1.0,21.0,0.09174311926605505
49,1969.0,5.0,5.0,4.0,329000.0,44.9,59.1,1.0,16.1,0.125
50,1948.0,3.0,3.0,2.0,256912.0,24.8,55.9,1.0,18.7,0.16666666666666666
52,1893.0,4.0,4.0,4.0,317879.0,23.9,48.4,1.0,17.5,0.16842105263157894
53,1860.0,5.0,5.0,5.0,377050.0,21.9,60.5,2.0,19.1,0.0718954248366013
54,1861.0,5.0,4.0,5.0,361633.0,24.4,44.7,1.0,19.5,0.09848484848484848
55,1959.0,3.0,3.0,3.0,265035.0,28.0,59.8,1.0,16.4,0.24757281553398058
58,1833.0,4.0,4.0,4.0,397542.0,27.7,48.9,1.0,16.6,0.136986301369863
63,1417.0,4.0,5.0,4.0,262919.0,24.5,62.1,1.0,15.0,0.15254237288135594
67,1871.0,3.0,4.0,4.0,288600.0,26.6,51.4,2.0,18.8,0.17647058823529413
68,1827.0,3.0,3.0,3.0,369975.0,32.2,56.7,1.0,17.5,0.1724137931034483
70,1946.0,3.0,3.0,3.0,264000.0,29.2,63.6,1.0,19.4,0.14563106796116504
72,1965.0,3.0,4.0,3.0,284015.0,40.4,46.3,1.0,14.8,0.24242424242424243
74,1980.0,4.0,5.0,5.0,302292.0,22.1,46.2,1.0,17.9,0.07407407407407407
75,1712.0,3.0,2.0,2.0,410888.0,25.1,55.4,1.0,8.7,0.2
77,1721.0,4.0,5.0,5.0,271163.0,23.1,50.9,1.0,16.0,0.15217391304347827
83,1951.0,4.0,4.0,5.0,282881.0,31.0,64.0,1.0,17.3,0.09473684210526316
87,4526.0,4.0,4.0,4.0,297671.0,13.0,69.9,1.0,16.0,0.2
88,2269.0,5.0,5.0,5.0,301592.0,9.1,66.8,1.0,17.0,0.12844036697247707
90,2573.0,3.0,3.0,4.0,231585.0,8.5,52.2,1.0,18.9,0.0
91,2607.0,5.0,5.0,4.0,292100.0,18.6,68.6,1.0,18.5,0.12121212121212122
93,2282.0,4.0,5.0,4.0,334775.0,24.1,54.1,1.0,18.0,0.03278688524590164
94,2002.0,5.0,4.0,4.0,324567.0,19.0,67.5,1.0,17.0,0.11627906976744186
95,2897.0,5.0,5.0,5.0,279439.0,20.0,70.7,1.0,12.5,0.125
96,2602.0,5.0,5.0,5.0,288563.0,18.5,70.7,1.0,18.6,0.15
97,2117.0,3.0,3.0,2.0,287000.0,20.1,43.3,1.0,19.4,0.2222222222222222
98,2875.0,4.0,4.0,4.0,275236.0,21.1,62.8,2.0,15.3,0.16279069767441862
99,2204.0,3.0,3.0,3.0,262156.0,16.0,59.7,1.0,18.3,0.6785714285714286
100,2293.0,3.0,3.0,3.0,248715.0,13.4,53.3,3.0,12.4,0.32
101,2270.0,4.0,5.0,4.0,276312.0,17.5,73.8,1.0,14.3,0.09345794392523364
102,2264.0,5.0,5.0,5.0,391057.0,11.5,70.2,1.0,15.7,0.07586206896551724
103,2201.0,4.0,4.0,4.0,247007.0,13.3,62.6,1.0,18.4,0.1951219512195122
104,2004.0,4.0,4.0,4.0,292634.0,7.8,58.8,1.0,15.8,0.17777777777777778
105,2206.0,4.0,5.0,4.0,387310.0,23.7,68.1,1.0,17.7,0.1111111111111111
106,2220.0,3.0,3.0,3.0,301000.0,7.9,65.5,1.0,20.2,0.0625
110,2209.0,3.0,3.0,3.0,258492.0,17.0,56.3,2.0,13.5,0.09090909090909091
111,2593.0,4.0,4.0,5.0,330000.0,28.6,53.9,1.0,16.0,0.24390243902439024
113,2805.0,4.0,4.0,4.0,317500.0,12.0,72.0,1.0,13.9,0.14634146341463414
117,2931.0,3.0,3.0,3.0,404726.0,25.0,61.2,1.0,4.3,0.0
118,2267.0,5.0,4.0,5.0,297974.0,8.1,71.7,1.0,18.4,0.07526881720430108
119,2217.0,3.0,3.0,3.0,268660.0,6.6,64.8,1.0,14.4,0.1875
120,4404.0,3.0,3.0,3.0,281967.0,10.7,60.1,1.0,18.0,0.17391304347826086
123,2060.0,3.0,3.0,3.0,286467.0,6.9,54.3,1.0,15.3,0.06666666666666667
124,2810.0,4.0,4.0,5.0,325162.0,17.5,61.4,1.0,20.3,0.12857142857142856
125,2001.0,4.0,4.0,4.0,312039.0,15.4,63.0,1.0,16.3,0.18
126,2871.0,4.0,4.0,4.0,236840.0,17.3,59.7,1.0,16.8,0.14606741573033707
131,2501.0,5.0,5.0,5.0,326600.0,14.5,60.0,1.0,16.5,0.038461538461538464
132,2579.0,4.0,5.0,5.0,326594.0,15.4,49.2,1.0,17.0,0.25769230769230766
133,2503.0,5.0,5.0,5.0,318793.0,20.1,67.1,1.0,17.5,0.053763440860215055
134,2809.0,5.0,5.0,5.0,318344.0,15.9,61.7,1.0,15.3,0.10204081632653061
135,2801.0,5.0,4.0,4.0,360016.0,12.4,74.3,1.0,13.4,0.03125
137,2216.0,4.0,4.0,4.0,337502.0,12.5,63.3,1.0,13.7,0.20833333333333334
138,2229.0,4.0,4.0,5.0,338686.0,13.8,67.8,1.0,14.9,0.16666666666666666
139,2811.0,5.0,4.0,4.0,308300.0,14.2,83.0,1.0,16.8,0.019230769230769232
141,2533.0,3.0,3.0,3.0,245555.0,6.0,79.1,1.0,17.3,0.2222222222222222
144,2815.0,3.0,4.0,3.0,350000.0,7.0,29.9,2.0,14.3,0.3333333333333333
145,2502.0,5.0,5.0,5.0,305757.0,18.3,60.6,1.0,14.0,0.059880239520958084
146,2613.0,4.0,5.0,4.0,285000.0,16.9,63.7,1.0,16.8,0.05
147,2914.0,5.0,5.0,5.0,307360.0,17.8,84.0,1.0,18.1,0.07975460122699386
152,3512.0,3.0,3.0,3.0,308900.0,1.1,51.8,2.0,23.0,0.1
153,3101.0,4.0,5.0,4.0,305644.0,9.4,64.0,1.0,17.0,0.13861386138613863
154,8040.0,3.0,3.0,3.0,254487.0,4.4,78.1,1.0,15.5,0.42857142857142855
155,3402.0,5.0,5.0,5.0,310533.0,9.1,80.2,1.0,15.9,0.08270676691729323
156,3401.0,5.0,5.0,5.0,393576.0,13.5,70.4,1.0,18.6,0.05
158,3580.0,4.0,3.0,3.0,287472.0,3.5,51.3,1.0,16.6,0.18604651162790697
159,8011.0,3.0,3.0,3.0,279300.0,9.7,60.0,1.0,13.9,0.23529411764705882
160,3591.0,3.0,4.0,4.0,284019.0,3.2,77.4,1.0,15.0,0.13157894736842105
162,3103.0,3.0,3.0,3.0,272946.0,8.5,52.6,2.0,18.1,0.20930232558139536
166,8114.0,3.0,4.0,4.0,287306.0,11.8,68.1,1.0,15.9,0.047619047619047616
167,3551.0,3.0,3.0,3.0,265588.0,12.7,51.7,2.0,17.6,0.10526315789473684
170,8111.0,4.0,4.0,4.0,313944.0,18.6,47.8,1.0,17.3,0.16129032258064516
171,3002.0,4.0,4.0,5.0,312606.0,5.7,66.8,1.0,20.2,0.19047619047619047
175,3865.0,4.0,3.0,3.0,251033.0,13.8,57.1,1.0,19.7,0.28846153846153844
176,3863.0,4.0,5.0,5.0,337500.0,14.5,67.9,1.0,21.1,0.11764705882352941
180,3880.0,5.0,5.0,4.0,264226.0,20.8,65.7,1.0,17.7,0.14864864864864866
182,3861.0,5.0,5.0,5.0,276610.0,12.6,81.0,1.0,16.6,0.16666666666666666
183,3941.0,5.0,5.0,5.0,316600.0,18.0,63.9,1.0,15.3,0.17073170731707318
184,3946.0,4.0,4.0,3.0,249650.0,8.4,44.5,1.0,14.0,0.29411764705882354
186,5208.0,3.0,3.0,3.0,339431.0,14.0,51.6,1.0,20.0,0.0
188,4112.0,5.0,5.0,4.0,274270.0,10.0,64.5,1.0,17.1,0.23076923076923078
190,4368.0,3.0,3.0,3.0,255063.0,13.6,63.7,1.0,12.9,0.16666666666666666
191,4901.0,5.0,5.0,5.0,361000.0,12.2,60.2,1.0,19.2,0.06315789473684211
192,4403.0,5.0,4.0,4.0,315100.0,13.0,69.3,1.0,18.9,0.06382978723404255
194,4619.0,4.0,3.0,3.0,274526.0,10.5,54.6,1.0,17.1,0.2692307692307692
195,4041.0,4.0,4.0,4.0,303252.0,7.5,72.8,1.0,20.0,0.044444444444444446
197,4114.0,4.0,4.0,4.0,355000.0,15.3,67.2,1.0,16.4,0.09803921568627451
199,4091.0,4.0,4.0,4.0,301600.0,17.6,60.3,1.0,16.4,0.07142857142857142
200,4272.0,4.0,4.0,5.0,342346.0,11.3,65.8,1.0,14.6,0.07142857142857142
202,4612.0,4.0,5.0,5.0,391050.0,15.8,54.1,1.0,13.4,0.10714285714285714
205,4205.0,4.0,5.0,4.0,353500.0,16.2,55.4,1.0,15.8,0.2564102564102564
208,4021.0,4.0,5.0,4.0,335700.0,17.7,71.0,1.0,15.7,0.08974358974358974
210,4620.0,4.0,3.0,3.0,236933.0,13.8,68.0,1.0,16.2,0.0
211,7917.0,3.0,3.0,3.0,248705.0,26.2,49.0,1.0,16.3,0.23529411764705882
212,4045.0,4.0,4.0,4.0,345500.0,7.9,89.4,1.0,20.9,0.05084745762711865
214,4634.0,4.0,5.0,4.0,333353.0,6.2,59.4,1.0,20.7,0.0784313725490196
216,4093.0,3.0,3.0,3.0,260300.0,9.0,51.3,3.0,16.1,0.2
217,4186.0,4.0,5.0,4.0,299165.0,17.0,72.0,1.0,19.9,0.13333333333333333
218,7971.0,3.0,3.0,3.0,338310.0,17.4,57.1,1.0,16.5,0.28125
219,4042.0,4.0,4.0,5.0,354467.0,16.2,79.2,1.0,14.4,0.027906976744186046
225,4461.0,4.0,4.0,4.0,314952.0,12.3,66.1,1.0,15.0,0.0
226,4116.0,4.0,3.0,3.0,317167.0,3.6,60.5,1.0,18.0,0.037037037037037035
227,4221.0,4.0,4.0,3.0,292332.0,3.2,52.8,1.0,16.1,0.14
231,4204.0,5.0,5.0,5.0,293612.0,11.2,58.2,1.0,15.2,0.11409395973154363
232,4028.0,3.0,3.0,3.0,271500.0,5.0,73.6,1.0,19.5,0.0
234,4063.0,5.0,5.0,5.0,308125.0,13.6,62.4,1.0,20.2,0.064
236,4004.0,5.0,5.0,5.0,336644.0,15.7,71.6,1.0,16.3,0.05303030303030303
237,4967.0,4.0,4.0,4.0,305208.0,12.6,60.1,1.0,12.6,0.09230769230769231
238,4008.0,3.0,4.0,4.0,294413.0,15.5,76.1,1.0,15.4,0.1724137931034483
239,4005.0,5.0,5.0,5.0,326400.0,20.7,72.2,1.0,15.5,0.034482758620689655
240,4203.0,5.0,4.0,4.0,283679.0,9.0,56.9,3.0,22.0,0.12121212121212122
241,4911.0,5.0,5.0,5.0,319737.0,13.3,70.4,1.0,11.1,0.07462686567164178
242,4471.0,5.0,4.0,4.0,311500.0,4.4,58.5,3.0,16.0,0.09615384615384616
243,4188.0,5.0,5.0,5.0,290500.0,21.5,73.5,1.0,18.7,0.040697674418604654
244,4182.0,4.0,4.0,5.0,349470.0,12.6,85.4,1.0,17.7,0.05454545454545454
246,4183.0,4.0,5.0,5.0,320000.0,20.2,69.7,1.0,19.2,0.05660377358490566
247,4078.0,3.0,4.0,4.0,263865.0,9.7,66.7,1.0,15.2,0.0
249,4968.0,4.0,3.0,3.0,294082.0,15.6,68.3,2.0,17.1,0.045454545454545456
254,4452.0,5.0,5.0,5.0,300706.0,14.4,69.6,1.0,17.4,0.046357615894039736
256,3407.0,5.0,5.0,5.0,337356.0,19.3,75.5,1.0,14.8,0.10746268656716418
260,4912.0,5.0,4.0,5.0,294920.0,9.3,67.6,1.0,17.8,0.041666666666666664
263,4957.0,3.0,2.0,2.0,302450.0,6.1,72.1,1.0,22.0,0.0
267,4917.0,4.0,4.0,4.0,308679.0,8.6,63.9,1.0,16.5,0.09523809523809523
269,4927.0,4.0,5.0,4.0,353000.0,11.9,55.2,1.0,5.0,0.0
270,4921.0,5.0,5.0,5.0,262848.0,3.4,53.1,1.0,12.2,0.0975609756097561
271,7995.0,4.0,4.0,4.0,359434.0,14.4,46.3,1.0,18.0,0.0
272,4410.0,4.0,3.0,3.0,333416.0,11.7,66.0,1.0,15.8,0.25
273,4925.0,2.0,3.0,3.0,271905.0,2.5,79.5,2.0,7.7,1.0
274,7988.0,4.0,3.0,4.0,261421.0,24.6,67.1,1.0,15.0,0.13725490196078433
276,4043.0,5.0,5.0,4.0,344067.0,10.3,75.2,1.0,17.9,0.07142857142857142
277,4061.0,5.0,4.0,5.0,301209.0,11.1,69.2,1.0,16.5,0.1262135922330097
278,4980.0,4.0,5.0,4.0,283214.0,23.3,60.0,1.0,17.0,0.175
279,4215.0,4.0,4.0,4.0,263850.0,5.9,88.2,1.0,18.0,0.05555555555555555
281,4202.0,5.0,5.0,5.0,294600.0,19.3,72.1,1.0,16.5,0.041666666666666664
286,4633.0,4.0,4.0,3.0,295800.0,11.8,51.9,1.0,18.3,0.19047619047619047
288,4922.0,4.0,4.0,5.0,378456.0,13.9,57.2,1.0,16.8,0.0821917808219178
293,4118.0,5.0,5.0,5.0,286947.0,14.8,66.6,1.0,17.5,0.1984732824427481
295,7947.0,5.0,5.0,4.0,354186.0,7.9,49.3,1.0,13.6,0.046511627906976744
297,4088.0,4.0,4.0,3.0,348812.0,14.2,57.0,1.0,13.1,0.07142857142857142
299,4929.0,3.0,3.0,2.0,290000.0,12.1,54.0,1.0,7.6,0.5
302,4206.0,4.0,5.0,5.0,272294.0,7.0,55.9,1.0,16.1,0.18518518518518517
303,4985.0,5.0,5.0,5.0,269825.0,10.0,70.4,1.0,14.8,0.07692307692307693
304,7908.0,3.0,3.0,4.0,237000.0,12.2,84.0,1.0,21.6,0.5
305,4189.0,4.0,4.0,4.0,315833.0,18.8,78.8,1.0,15.9,0.05
306,4185.0,5.0,5.0,5.0,346100.0,12.3,80.6,1.0,13.8,0.06896551724137931
308,4975.0,4.0,4.0,3.0,333000.0,7.6,80.2,1.0,14.5,0.2857142857142857
310,4631.0,4.0,4.0,4.0,315666.0,9.6,63.1,1.0,19.0,0.06349206349206349
311,4401.0,4.0,4.0,4.0,293820.0,12.8,69.7,1.0,15.6,0.08791208791208792
313,4554.0,3.0,3.0,3.0,274131.0,7.5,64.9,1.0,11.7,0.11764705882352941
315,4539.0,3.0,3.0,3.0,308727.0,2.9,43.1,1.0,13.7,0.2962962962962963
319,4519.0,5.0,5.0,5.0,306087.0,18.2,59.4,1.0,16.9,0.034482758620689655
320,4568.0,5.0,5.0,5.0,355617.0,10.1,77.1,1.0,19.6,0.03787878787878788
322,4578.0,4.0,4.0,4.0,295122.0,6.0,64.2,1.0,17.3,0.060109289617486336
325,4528.0,5.0,5.0,5.0,313920.0,16.6,56.2,1.0,16.3,0.03488372093023256
327,4534.0,4.0,4.0,4.0,315012.0,8.5,58.3,1.0,17.0,0.08333333333333333
329,4151.0,5.0,5.0,5.0,315078.0,14.2,70.0,1.0,17.4,0.03636363636363636
330,4530.0,4.0,3.0,4.0,351198.0,6.8,60.7,1.0,14.1,0.11940298507462686
332,4507.0,4.0,4.0,5.0,314126.0,8.5,58.3,1.0,15.7,0.06
334,4527.0,3.0,4.0,5.0,378305.0,13.6,67.4,1.0,13.2,0.047619047619047616
335,4587.0,4.0,4.0,3.0,285714.0,6.3,67.7,1.0,3.5,0.0
338,4577.0,3.0,3.0,3.0,241506.0,15.6,63.8,2.0,11.0,0.0
343,4523.0,4.0,5.0,5.0,415300.0,12.5,59.3,1.0,18.9,0.1864406779661017
344,4503.0,4.0,3.0,5.0,324000.0,9.9,70.5,1.0,17.4,0.16521739130434782
345,4886.0,3.0,4.0,4.0,346892.0,2.3,68.4,1.0,20.0,0.0
348,5019.0,4.0,5.0,5.0,361585.0,20.0,69.5,1.0,18.5,0.056
350,5021.0,4.0,4.0,5.0,299059.0,23.4,81.3,1.0,16.8,0.04838709677419355
353,5121.0,3.0,4.0,4.0,304477.0,5.3,60.5,1.0,13.0,0.0
354,5162.0,3.0,3.0,3.0,261166.0,7.9,49.2,1.0,14.8,0.0
356,5110.0,5.0,5.0,5.0,337807.0,15.4,69.9,1.0,15.9,0.17142857142857143
357,5192.0,4.0,3.0,4.0,293400.0,4.2,59.2,1.0,17.7,0.06060606060606061
358,5101.0,5.0,5.0,5.0,282683.0,20.4,57.0,1.0,16.7,0.125
359,5108.0,5.0,5.0,5.0,309590.0,12.1,74.0,1.0,14.3,0.13612565445026178
360,5195.0,4.0,4.0,4.0,283614.0,13.9,58.1,1.0,15.9,0.0
364,5105.0,5.0,4.0,5.0,270553.0,20.0,57.8,1.0,14.3,0.2127659574468085
367,5202.0,4.0,5.0,4.0,295198.0,9.5,74.1,1.0,21.3,0.2916666666666667
368,5334.0,4.0,5.0,5.0,303123.0,8.0,78.4,1.0,17.7,0.06993006993006994
369,5214.0,4.0,4.0,4.0,286406.0,17.2,67.9,1.0,23.7,0.10810810810810811
370,5210.0,4.0,3.0,3.0,317283.0,5.3,51.3,1.0,20.9,0.2692307692307692
371,5269.0,3.0,3.0,3.0,313000.0,26.7,56.1,1.0,10.8,0.16666666666666666
372,5333.0,5.0,5.0,5.0,322838.0,21.6,67.5,1.0,14.3,0.038461538461538464
374,5233.0,5.0,4.0,4.0,319740.0,17.5,74.5,1.0,18.5,0.07608695652173914
376,5232.0,4.0,4.0,3.0,284194.0,9.7,76.3,1.0,18.3,0.09090909090909091
379,7943.0,3.0,2.0,2.0,307280.0,13.0,52.9,1.0,17.3,0.05555555555555555
380,5393.0,4.0,4.0,3.0,291035.0,12.4,63.9,1.0,14.6,0.05
381,5332.0,5.0,5.0,5.0,327779.0,9.0,89.1,1.0,16.7,0.07801418439716312
382,5201.0,4.0,4.0,5.0,330163.0,15.9,85.9,1.0,17.9,0.07926829268292683
384,5486.0,4.0,4.0,4.0,305100.0,18.6,67.5,3.0,20.1,0.15979381443298968
388,5491.0,3.0,3.0,3.0,386949.0,8.7,43.2,2.0,17.2,0.17647058823529413
392,5471.0,4.0,3.0,4.0,288596.0,11.1,42.3,2.0,16.4,0.05555555555555555
395,5632.0,3.0,4.0,3.0,287463.0,5.2,43.5,2.0,20.1,0.7924528301886793
397,5440.0,3.0,3.0,3.0,301400.0,16.7,64.6,2.0,15.9,0.21052631578947367
398,5482.0,5.0,5.0,5.0,291525.0,20.8,59.5,3.0,18.0,0.11428571428571428
401,5699.0,3.0,3.0,2.0,254380.0,13.0,54.3,2.0,6.1,1.0
404,5727.0,3.0,3.0,3.0,265894.0,14.0,78.8,1.0,14.6,0.06666666666666667
407,5805.0,5.0,4.0,4.0,266273.0,19.0,63.2,1.0,19.0,0.15789473684210525
408,5802.0,4.0,3.0,4.0,356030.0,13.6,79.0,1.0,19.7,0.07598784194528875
409,5713.0,4.0,4.0,4.0,345179.0,16.2,84.9,1.0,19.5,0.10909090909090909
410,5711.0,4.0,4.0,4.0,323000.0,14.2,79.5,1.0,17.6,0.15873015873015872
411,5706.0,5.0,5.0,5.0,318675.0,14.7,70.5,1.0,14.2,0.08928571428571429
412,5801.0,5.0,5.0,5.0,367141.0,21.2,54.9,1.0,18.8,0.04666666666666667
413,5715.0,4.0,4.0,4.0,289147.0,15.2,56.8,1.0,19.1,0.1111111111111111
414,5851.0,4.0,4.0,4.0,271476.0,12.7,51.0,2.0,18.5,0.17647058823529413
415,5803.0,5.0,5.0,5.0,277361.0,16.5,47.0,1.0,16.0,0.10752688172043011
417,5742.0,3.0,3.0,3.0,218000.0,10.0,70.3,1.0,9.1,0.125
418,5741.0,4.0,5.0,4.0,266549.0,25.1,55.0,3.0,16.5,0.20754716981132076
420,5930.0,4.0,4.0,4.0,269805.0,25.0,61.9,1.0,17.2,0.16666666666666666
422,5901.0,4.0,5.0,4.0,280769.0,29.8,55.4,1.0,18.3,0.2765957446808511
428,5929.0,4.0,5.0,4.0,242068.0,36.5,43.1,1.0,16.0,0.15
432,5947.0,5.0,4.0,4.0,296680.0,14.7,63.0,1.0,16.8,0.1450381679389313
437,5991.0,5.0,4.0,4.0,376784.0,17.9,77.7,1.0,17.5,0.10362694300518134
438,5956.0,3.0,3.0,3.0,335933.0,14.8,68.9,1.0,13.2,0.07142857142857142
442,5909.0,3.0,3.0,3.0,283215.0,12.8,66.8,1.0,19.1,0.09433962264150944
444,5979.0,3.0,3.0,3.0,335000.0,8.0,72.7,1.0,18.0,0.0
446,5989.0,4.0,4.0,4.0,239000.0,8.3,93.7,1.0,20.3,0.20833333333333334
447,3434.0,3.0,3.0,3.0,255988.0,11.9,48.1,1.0,20.0,0.25
452,3436.0,4.0,4.0,4.0,291141.0,14.6,84.7,1.0,17.1,0.0847457627118644
454,5938.0,5.0,5.0,5.0,267419.0,16.5,49.1,1.0,21.3,0.14730878186968838
458,6317.0,3.0,3.0,3.0,252500.0,18.0,59.4,2.0,15.2,0.1276595744680851
466,6305.0,5.0,4.0,4.0,307100.0,23.0,68.1,1.0,15.5,0.11764705882352941
468,6471.0,5.0,5.0,5.0,356540.0,6.9,85.2,1.0,15.8,0.1044776119402985
470,6461.0,4.0,3.0,4.0,249200.0,5.4,54.7,1.0,16.9,0.15384615384615385
473,6247.0,3.0,3.0,3.0,254757.0,7.5,67.2,1.0,14.8,0.1875
475,6360.0,3.0,3.0,3.0,251870.0,21.4,68.0,1.0,19.6,0.14285714285714285
480,6121.0,4.0,4.0,4.0,252200.0,14.2,72.5,1.0,12.9,0.0
481,6470.0,3.0,3.0,4.0,314937.0,18.6,61.9,3.0,13.7,0.08333333333333333
482,6373.0,3.0,3.0,4.0,248778.0,12.0,55.6,1.0,13.9,0.02702702702702703
489,6339.0,3.0,4.0,4.0,256905.0,18.1,60.8,3.0,16.3,0.0967741935483871
492,6302.0,5.0,4.0,5.0,320000.0,19.5,73.6,1.0,15.1,0.10067114093959731
495,6005.0,3.0,4.0,3.0,343500.0,21.3,72.0,3.0,14.7,0.15126050420168066
498,6370.0,4.0,4.0,5.0,331117.0,22.7,53.0,1.0,17.5,0.04878048780487805
500,6361.0,5.0,5.0,4.0,296145.0,21.5,70.7,1.0,16.8,0.06956521739130435
503,6462.0,4.0,3.0,3.0,290733.0,5.6,73.2,1.0,17.3,0.08333333333333333
505,6250.0,3.0,3.0,4.0,293822.0,11.9,61.5,1.0,18.2,0.058823529411764705
509,6586.0,4.0,3.0,3.0,338400.0,22.3,57.8,2.0,17.1,0.10655737704918032
511,6312.0,2.0,3.0,3.0,261640.0,11.9,61.0,2.0,11.4,0.5
512,6238.0,3.0,4.0,3.0,298479.0,16.7,77.3,1.0,7.7,0.18518518518518517
513,6406.0,3.0,3.0,3.0,260000.0,24.8,63.5,2.0,18.1,0.21153846153846154
514,6420.0,3.0,3.0,3.0,293500.0,23.2,47.3,1.0,11.0,0.30434782608695654
518,6268.0,5.0,5.0,4.0,355033.0,18.6,75.3,1.0,16.9,0.07042253521126761
519,6369.0,3.0,3.0,3.0,260000.0,20.3,68.0,1.0,15.5,0.1875
525,6013.0,3.0,4.0,3.0,286183.0,20.5,45.5,1.0,15.3,0.0
526,6383.0,5.0,5.0,5.0,261035.0,18.5,71.2,1.0,16.0,0.13095238095238096
528,6367.0,5.0,5.0,5.0,332400.0,16.1,91.5,1.0,15.7,0.07692307692307693
529,6143.0,3.0,2.0,3.0,265000.0,20.5,58.7,1.0,14.0,0.03333333333333333
530,6460.0,3.0,4.0,4.0,267972.0,23.1,49.8,1.0,3.7,0.07751937984496124
531,7718.0,3.0,4.0,4.0,313267.0,4.5,75.9,1.0,18.8,0.25
532,6473.0,5.0,5.0,5.0,318093.0,12.2,71.5,3.0,16.0,0.09868421052631579
533,6444.0,5.0,4.0,5.0,269636.0,11.4,63.2,1.0,17.1,0.1111111111111111
534,6287.0,4.0,4.0,4.0,338492.0,14.8,52.9,1.0,12.7,0.20512820512820512
535,6301.0,5.0,5.0,5.0,303073.0,16.2,99.0,1.0,15.3,0.03559870550161812
536,6457.0,4.0,4.0,4.0,244947.0,16.3,65.6,1.0,20.3,0.0989010989010989
537,6326.0,5.0,5.0,5.0,306000.0,22.8,108.0,1.0,15.1,0.11952191235059761
538,6409.0,4.0,3.0,4.0,248196.0,4.2,81.2,1.0,17.4,0.21428571428571427
539,6498.0,3.0,4.0,4.0,268992.0,13.0,63.2,1.0,14.7,0.0392156862745098
540,6368.0,3.0,3.0,3.0,295968.0,28.2,51.9,1.0,16.0,0.034482758620689655
544,6113.0,5.0,4.0,4.0,275694.0,1.4,52.5,1.0,17.6,0.18181818181818182
547,6466.0,2.0,3.0,3.0,281899.0,7.7,59.7,1.0,15.3,0.0
548,6463.0,3.0,3.0,3.0,247900.0,5.6,56.8,1.0,19.9,0.0
549,6481.0,4.0,4.0,5.0,274894.0,14.5,53.1,3.0,17.6,0.08333333333333333
553,6472.0,5.0,4.0,5.0,273100.0,3.4,86.7,1.0,19.5,0.06666666666666667
557,6134.0,3.0,3.0,3.0,298575.0,11.1,77.7,3.0,17.9,0.10344827586206896
558,6141.0,4.0,4.0,4.0,313028.0,8.7,127.6,1.0,15.6,0.1134020618556701
559,6407.0,4.0,4.0,4.0,280869.0,19.2,63.6,1.0,15.9,0.11570247933884298
561,6901.0,4.0,4.0,3.0,270461.0,13.3,73.0,1.0,17.8,0.10526315789473684
562,6508.0,4.0,4.0,4.0,263964.0,23.6,64.0,1.0,18.9,0.10309278350515463
564,6856.0,4.0,3.0,4.0,262540.0,12.3,56.1,1.0,13.6,0.15714285714285714
566,6504.0,5.0,5.0,5.0,290120.0,18.4,72.1,1.0,20.6,0.08904109589041095
568,6965.0,5.0,4.0,4.0,292361.0,12.2,72.8,2.0,16.1,0.018867924528301886
570,6779.0,4.0,4.0,3.0,303036.0,15.3,51.3,2.0,16.5,0.16129032258064516
571,6951.0,3.0,3.0,3.0,306502.0,14.6,58.1,1.0,17.8,0.27586206896551724
573,6807.0,4.0,4.0,4.0,296500.0,12.3,70.1,2.0,17.5,0.09090909090909091
574,6849.0,4.0,4.0,4.0,333731.0,15.2,43.3,1.0,14.6,0.057971014492753624
579,6930.0,4.0,3.0,3.0,291976.0,19.0,71.4,1.0,16.2,0.25
580,6958.0,4.0,4.0,3.0,364270.0,21.4,52.9,1.0,16.2,0.15
581,6651.0,4.0,3.0,3.0,255774.0,18.8,70.6,1.0,16.1,0.14545454545454545
582,3105.0,5.0,5.0,4.0,319850.0,4.2,67.6,1.0,20.0,0.15151515151515152
583,6641.0,5.0,5.0,5.0,277118.0,23.0,64.7,1.0,18.2,0.10869565217391304
586,6588.0,5.0,4.0,5.0,296164.0,18.9,60.6,1.0,18.4,0.11578947368421053
588,8035.0,5.0,5.0,5.0,343643.0,34.9,62.5,1.0,17.6,0.06043956043956044
590,6706.0,3.0,3.0,3.0,256278.0,22.6,53.8,1.0,15.7,0.08333333333333333
593,6976.0,4.0,4.0,4.0,297376.0,16.3,64.5,3.0,18.8,0.09722222222222222
595,6981.0,5.0,5.0,5.0,308308.0,15.3,67.1,1.0,14.7,0.02710843373493976
598,6844.0,5.0,5.0,5.0,291163.0,6.5,54.5,1.0,17.6,0.1
599,6967.0,4.0,3.0,3.0,309250.0,14.1,62.6,1.0,21.6,0.05714285714285714
601,7276.0,4.0,4.0,3.0,265840.0,9.8,75.0,2.0,19.1,0.06818181818181818
602,6637.0,3.0,3.0,3.0,292799.0,11.4,74.5,1.0,18.7,0.22727272727272727
604,6503.0,5.0,4.0,5.0,322500.0,23.5,70.5,1.0,16.6,0.07194244604316546
607,6643.0,3.0,3.0,3.0,274978.0,9.4,43.1,2.0,15.1,0.0
608,6814.0,3.0,3.0,4.0,280691.0,13.6,72.1,1.0,14.8,0.07317073170731707
617,6506.0,4.0,4.0,4.0,296928.0,16.0,75.6,1.0,18.7,0.057971014492753624
619,6963.0,5.0,5.0,5.0,406807.0,17.1,62.0,1.0,14.7,0.1793103448275862
623,6479.0,5.0,5.0,5.0,257388.0,2.9,65.6,1.0,16.3,0.1076923076923077
624,6592.0,4.0,4.0,4.0,288067.0,7.5,73.1,1.0,18.0,0.14285714285714285
625,6810.0,5.0,4.0,5.0,321539.0,13.8,68.8,1.0,19.2,0.08695652173913043
626,6745.0,3.0,3.0,3.0,261673.0,21.8,68.8,1.0,14.1,0.1276595744680851
628,6448.0,5.0,4.0,4.0,345000.0,18.0,73.3,1.0,15.5,0.013157894736842105
629,6794.0,4.0,4.0,5.0,278042.0,9.6,50.0,1.0,16.0,0.2222222222222222
631,6954.0,3.0,4.0,3.0,369260.0,36.3,86.0,2.0,14.2,0.027777777777777776
632,6806.0,4.0,3.0,3.0,316800.0,15.6,56.4,2.0,12.4,0.045454545454545456
635,6996.0,5.0,3.0,4.0,336800.0,8.4,70.9,1.0,10.1,0.15873015873015872
636,6715.0,3.0,3.0,3.0,215117.0,16.8,74.4,2.0,18.1,0.42857142857142855
637,6616.0,3.0,3.0,3.0,265000.0,21.0,60.0,1.0,11.4,0.16666666666666666
639,6850.0,4.0,4.0,3.0,259466.0,9.0,55.8,1.0,15.3,0.13636363636363635
640,6768.0,5.0,5.0,5.0,271100.0,8.9,62.5,1.0,17.0,0.25
642,6622.0,4.0,3.0,4.0,290431.0,18.8,49.9,1.0,16.8,0.05555555555555555
644,6724.0,5.0,5.0,5.0,303030.0,13.1,82.4,1.0,19.1,0.07123287671232877
645,6817.0,3.0,3.0,3.0,398420.0,2.5,71.3,1.0,13.6,0.0
647,6740.0,4.0,4.0,4.0,264650.0,14.2,60.8,1.0,19.9,0.21428571428571427
649,6869.0,4.0,5.0,5.0,269379.0,21.9,58.1,1.0,12.5,0.034482758620689655
652,6707.0,5.0,3.0,5.0,293280.0,8.4,52.9,1.0,19.3,0.2727272727272727
653,6639.0,4.0,4.0,5.0,266000.0,16.2,70.3,1.0,20.1,0.18181818181818182
654,4902.0,5.0,5.0,5.0,329725.0,15.7,54.2,1.0,20.3,0.14583333333333334
657,7751.0,5.0,4.0,5.0,331000.0,9.4,82.0,1.0,19.7,0.05
659,6952.0,4.0,5.0,5.0,336000.0,16.0,59.1,1.0,18.8,0.2
660,6513.0,4.0,4.0,4.0,281367.0,5.5,60.9,2.0,17.2,0.14285714285714285
661,6645.0,5.0,5.0,5.0,285873.0,12.2,63.6,1.0,19.3,0.1485148514851485
662,6914.0,3.0,4.0,4.0,297000.0,14.8,52.0,1.0,15.5,0.0
667,6859.0,5.0,4.0,4.0,314887.0,8.0,65.8,1.0,19.1,0.0
668,6925.0,4.0,4.0,4.0,324500.0,10.4,68.5,1.0,19.5,0.0
673,6754.0,5.0,5.0,5.0,279910.0,11.8,70.4,2.0,20.7,0.07407407407407407
674,6770.0,4.0,4.0,4.0,295875.0,9.6,61.4,1.0,19.7,0.0611353711790393
675,6728.0,5.0,4.0,4.0,278750.0,16.6,64.3,1.0,16.9,0.05714285714285714
677,6857.0,5.0,5.0,4.0,353083.0,19.6,68.7,1.0,21.2,0.0
678,6845.0,5.0,5.0,5.0,310000.0,20.2,74.0,1.0,20.1,0.06796116504854369
679,6762.0,5.0,5.0,4.0,306304.0,16.7,53.6,1.0,18.3,0.04519774011299435
681,7735.0,5.0,5.0,5.0,301000.0,19.8,78.9,1.0,18.4,0.015151515151515152
682,6703.0,5.0,5.0,4.0,289767.0,24.9,53.0,3.0,19.5,0.06930693069306931
683,6701.0,5.0,5.0,5.0,298985.0,19.9,55.8,1.0,18.9,0.09259259259259259
685,6632.0,5.0,5.0,4.0,282831.0,11.1,43.6,1.0,23.7,0.07317073170731707
686,6652.0,5.0,4.0,5.0,387359.0,1.6,81.6,1.0,17.3,0.18518518518518517
687,6866.0,3.0,3.0,3.0,305700.0,8.0,60.0,1.0,19.3,0.05
689,6737.0,4.0,4.0,3.0,275500.0,11.6,73.9,1.0,16.1,0.06896551724137931
690,6633.0,2.0,2.0,2.0,335855.0,11.6,54.8,1.0,16.4,0.25
694,7282.0,5.0,5.0,5.0,265505.0,7.9,79.5,1.0,18.0,0.06535947712418301
695,7220.0,5.0,4.0,4.0,349104.0,15.3,56.3,1.0,15.5,0.14705882352941177
697,7205.0,5.0,5.0,5.0,294112.0,11.5,84.5,1.0,16.4,0.22176591375770022
701,7235.0,4.0,3.0,3.0,257509.0,14.0,50.2,1.0,15.9,0.14285714285714285
702,6995.0,5.0,5.0,5.0,301500.0,11.7,87.9,1.0,18.8,0.08074534161490683
703,7245.0,4.0,4.0,4.0,247255.0,12.8,82.6,1.0,15.3,0.06382978723404255
704,7250.0,4.0,4.0,3.0,248000.0,20.9,55.6,1.0,13.8,0.1875
705,7012.0,5.0,5.0,5.0,343165.0,17.2,72.3,3.0,14.3,0.07871198568872988
706,7224.0,4.0,3.0,4.0,259000.0,25.9,62.1,1.0,14.3,0.18095238095238095
707,7238.0,3.0,4.0,4.0,275024.0,10.0,87.0,1.0,19.3,0.2647058823529412
712,7266.0,3.0,3.0,3.0,267070.0,12.9,51.6,3.0,18.9,0.05555555555555555
713,7226.0,4.0,4.0,4.0,242721.0,29.5,61.8,1.0,14.9,0.1891891891891892
715,7271.0,3.0,3.0,3.0,307254.0,21.6,57.0,1.0,17.4,0.1111111111111111
719,5949.0,4.0,4.0,4.0,278030.0,18.3,73.6,1.0,17.7,0.14492753623188406
720,7272.0,5.0,5.0,5.0,286932.0,9.9,84.2,1.0,17.7,0.03816793893129771
722,7261.0,5.0,5.0,5.0,292270.0,14.9,86.3,1.0,17.4,0.06761006289308176
725,7241.0,4.0,3.0,3.0,356444.0,20.1,87.1,2.0,15.3,0.09649122807017543
726,7299.0,3.0,3.0,3.0,275265.0,13.2,56.0,3.0,15.8,0.22916666666666666
728,3116.0,5.0,5.0,5.0,264664.0,13.5,89.6,3.0,17.0,0.032432432432432434
730,7203.0,5.0,5.0,5.0,327300.0,19.8,87.9,1.0,18.2,0.059251559251559255
732,6902.0,5.0,4.0,5.0,326118.0,14.8,96.6,1.0,22.1,0.05167173252279635
733,7236.0,5.0,4.0,4.0,275940.0,13.1,61.5,1.0,17.0,0.1724137931034483
734,7313.0,4.0,5.0,4.0,304155.0,11.3,96.6,1.0,17.1,0.04
736,7239.0,4.0,4.0,4.0,260191.0,11.0,67.6,1.0,13.4,0.19230769230769232
739,7408.0,3.0,4.0,4.0,268543.0,13.5,67.3,1.0,17.6,0.16666666666666666
741,7212.0,4.0,3.0,3.0,253724.0,5.9,92.1,1.0,16.7,0.12
744,7278.0,4.0,4.0,4.0,275000.0,10.6,72.9,1.0,14.6,0.3113207547169811
745,7202.0,5.0,4.0,5.0,374117.0,21.4,80.4,1.0,19.0,0.07211538461538461
746,7259.0,5.0,5.0,5.0,301763.0,22.2,98.0,1.0,15.8,0.1184593023255814
748,7240.0,5.0,4.0,4.0,278300.0,9.8,72.4,2.0,17.8,0.05442176870748299
749,7242.0,4.0,5.0,4.0,269814.0,15.8,62.8,2.0,16.1,0.14423076923076922
751,7734.0,3.0,3.0,3.0,299830.0,18.1,66.6,1.0,15.9,0.2
754,7701.0,5.0,5.0,5.0,314525.0,2.2,70.8,1.0,18.2,0.03389830508474576
755,7715.0,3.0,3.0,3.0,226954.0,3.4,59.7,1.0,18.1,0.03125
756,7723.0,3.0,4.0,3.0,251541.0,16.2,62.4,3.0,16.2,0.16666666666666666
758,7780.0,3.0,3.0,3.0,247400.0,4.4,63.2,1.0,12.9,0.17307692307692307
759,7730.0,3.0,3.0,3.0,302964.0,4.3,75.1,1.0,15.8,0.18181818181818182
760,7731.0,5.0,5.0,5.0,312937.0,21.6,63.0,1.0,16.5,0.03636363636363636
761,7732.0,4.0,3.0,4.0,344000.0,13.1,56.7,1.0,16.3,0.28
762,4543.0,4.0,5.0,4.0,357142.0,16.1,59.9,1.0,17.2,0.05612244897959184
763,7740.0,5.0,4.0,4.0,278036.0,11.2,72.0,1.0,16.4,0.1
765,7774.0,3.0,3.0,3.0,270250.0,13.0,59.0,1.0,8.4,0.0
766,7762.0,4.0,4.0,5.0,289550.0,6.3,64.4,1.0,17.8,0.05263157894736842
769,7733.0,5.0,5.0,5.0,330759.0,6.6,57.2,1.0,15.0,0.07166123778501629
770,7727.0,3.0,3.0,3.0,241033.0,8.9,55.4,2.0,16.6,0.07142857142857142
779,7811.0,3.0,3.0,3.0,270000.0,12.2,49.7,1.0,12.2,0.3
780,7875.0,3.0,4.0,3.0,248700.0,20.3,54.0,1.0,16.9,0.1111111111111111
782,7905.0,5.0,5.0,5.0,281780.0,9.3,65.8,1.0,17.4,0.2033898305084746
788,7914.0,4.0,5.0,4.0,257031.0,26.0,57.8,1.0,16.6,0.2463768115942029
789,7953.0,2.0,2.0,2.0,283632.0,6.0,59.1,1.0,13.5,0.30434782608695654
790,7966.0,5.0,4.0,4.0,297100.0,6.0,61.8,1.0,19.1,0.14473684210526316
793,7951.0,5.0,5.0,5.0,290900.0,16.5,71.4,2.0,19.4,0.04918032786885246
794,8022.0,4.0,4.0,4.0,286074.0,4.4,43.6,1.0,19.9,0.07142857142857142
798,7956.0,4.0,4.0,4.0,275444.0,6.7,63.6,1.0,15.0,0.0
801,7932.0,3.0,3.0,3.0,239432.0,1.8,89.6,1.0,16.4,0.06666666666666667
804,7862.0,5.0,4.0,4.0,331727.0,20.1,58.8,1.0,17.3,0.11428571428571428
808,7883.0,4.0,4.0,4.0,236300.0,14.0,46.4,1.0,20.6,0.2857142857142857
812,7955.0,4.0,4.0,4.0,259210.0,13.8,53.2,1.0,15.8,0.27419354838709675
814,7994.0,5.0,4.0,5.0,270205.0,18.3,59.2,1.0,16.8,0.10619469026548672
817,7972.0,5.0,4.0,4.0,310836.0,20.3,48.4,1.0,15.3,0.13414634146341464
818,7936.0,5.0,5.0,5.0,322182.0,13.5,57.1,1.0,13.1,0.0967741935483871
820,7823.0,2.0,3.0,3.0,271100.0,10.7,39.8,1.0,10.7,0.36363636363636365
821,7915.0,4.0,4.0,4.0,252305.0,13.3,56.3,3.0,14.4,0.1111111111111111
824,9506.0,5.0,4.0,5.0,334100.0,24.2,75.4,1.0,19.6,0.048109965635738834
830,9532.0,5.0,5.0,5.0,319000.0,16.5,87.1,1.0,17.6,0.07142857142857142
836,9551.0,4.0,4.0,4.0,277626.0,20.1,71.3,1.0,17.7,0.0
839,9086.0,5.0,5.0,4.0,275104.0,28.1,69.8,3.0,19.8,0.0
840,9062.0,4.0,5.0,5.0,345292.0,24.0,44.9,1.0,16.0,0.1787709497206704
844,9005.0,5.0,4.0,5.0,359800.0,17.3,73.0,1.0,15.5,0.12041884816753927
849,9021.0,4.0,5.0,5.0,306869.0,9.1,86.5,1.0,16.5,0.06646525679758308
852,9065.0,3.0,3.0,3.0,276744.0,25.7,64.0,1.0,14.1,0.3357271095152603
855,9142.0,3.0,4.0,4.0,261979.0,11.1,77.0,2.0,14.1,0.14761904761904762
858,9045.0,3.0,3.0,3.0,334038.0,21.1,61.4,1.0,19.7,0.125
861,9090.0,2.0,3.0,3.0,346328.0,53.0,67.0,1.0,8.7,0.5116279069767442
862,9068.0,3.0,3.0,3.0,263000.0,33.9,44.7,1.0,16.4,0.07894736842105263
865,9064.0,4.0,5.0,4.0,364169.0,25.1,89.5,1.0,14.6,0.2859195402298851
869,9069.0,4.0,4.0,4.0,413400.0,31.9,57.4,1.0,15.8,0.23357664233576642
872,9055.0,3.0,3.0,3.0,290171.0,16.5,78.1,1.0,14.3,0.15217391304347827
873,9143.0,4.0,4.0,4.0,337373.0,20.5,58.1,1.0,9.6,0.48484848484848486
876,9119.0,4.0,4.0,3.0,325700.0,25.4,39.4,1.0,13.3,0.0
877,9101.0,5.0,5.0,5.0,412300.0,20.7,61.9,1.0,14.1,0.0625
878,9107.0,5.0,5.0,4.0,345900.0,30.0,50.7,1.0,14.4,0.0
879,9104.0,5.0,5.0,5.0,505850.0,43.8,37.0,1.0,14.1,0.07692307692307693
881,9233.0,4.0,4.0,4.0,377162.0,26.4,43.2,1.0,14.1,0.20689655172413793
882,9202.0,5.0,5.0,5.0,300000.0,3.9,46.5,1.0,12.5,0.12299465240641712
883,9304.0,3.0,3.0,3.0,252042.0,36.0,46.8,1.0,18.2,0.0
886,9066.0,4.0,4.0,4.0,270660.0,27.1,50.0,1.0,13.3,0.22
887,9384.0,3.0,3.0,3.0,276960.0,10.2,43.0,1.0,11.0,0.0
891,9301.0,3.0,4.0,3.0,339600.0,26.7,52.4,1.0,15.7,0.0425531914893617
892,9302.0,3.0,4.0,3.0,266601.0,21.7,55.9,1.0,14.7,0.19047619047619047
893,9375.0,3.0,4.0,3.0,282421.0,18.0,31.7,1.0,11.8,0.18292682926829268
900,4307.0,5.0,4.0,4.0,370000.0,33.5,64.1,1.0,14.7,0.0761904761904762
901,9749.0,4.0,4.0,5.0,270831.0,23.3,67.5,1.0,9.8,0.24375
903,9432.0,5.0,5.0,5.0,306410.0,18.0,82.9,1.0,18.3,0.08955223880597014
904,8056.0,5.0,5.0,5.0,308624.0,14.8,70.9,1.0,21.0,0.07142857142857142
906,2327.0,3.0,4.0,3.0,310000.0,11.4,68.5,1.0,12.7,0.06944444444444445
910,4430.0,2.0,3.0,2.0,299595.0,16.5,81.3,2.0,11.2,0.075
911,8157.0,3.0,3.0,3.0,314000.0,27.2,80.5,1.0,19.7,0.08928571428571429
915,4768.0,3.0,4.0,3.0,297300.0,15.2,58.9,1.0,17.2,0.22972972972972974
921,9470.0,3.0,4.0,3.0,284517.0,21.9,58.0,1.0,20.7,0.08695652173913043
922,4739.0,5.0,5.0,5.0,303856.0,15.7,61.0,1.0,13.4,0.05128205128205128
926,3857.0,3.0,3.0,3.0,426643.0,12.4,54.8,1.0,10.8,0.1323529411764706
935,9441.0,3.0,3.0,3.0,285921.0,24.2,44.3,1.0,5.3,0.2840909090909091
954,4728.0,3.0,3.0,3.0,323977.0,20.6,62.9,1.0,8.1,0.14814814814814814
956,3762.0,3.0,3.0,2.0,319375.0,20.1,45.1,1.0,8.2,0.0625
959,3738.0,3.0,3.0,4.0,275500.0,18.4,69.9,1.0,10.5,0.3364485981308411
964,9434.0,4.0,5.0,5.0,310699.0,27.2,61.8,1.0,12.7,0.215
974,3826.0,3.0,3.0,3.0,285348.0,20.7,65.2,1.0,6.7,0.2857142857142857
975,2317.0,3.0,3.0,3.0,315175.0,13.5,62.1,1.0,6.8,0.27167630057803466
976,9692.0,3.0,4.0,4.0,272000.0,17.1,70.5,1.0,16.6,0.18181818181818182
979,3744.0,3.0,3.0,3.0,370278.0,17.5,58.2,1.0,1.7,0.25
982,9422.0,4.0,5.0,4.0,223825.0,12.4,68.2,1.0,8.1,0.35585585585585583
984,2307.0,2.0,3.0,3.0,285667.0,22.2,66.1,1.0,12.1,0.14285714285714285
988,2332.0,3.0,3.0,3.0,245000.0,18.3,56.8,1.0,12.4,0.23684210526315788
991,3799.0,4.0,4.0,4.0,269460.0,22.1,58.0,1.0,17.6,0.25806451612903225
998,3987.0,2.0,2.0,2.0,319000.0,1.1,69.2,1.0,3.5,0.0
1001,7860.0,3.0,3.0,3.0,387741.0,20.0,53.7,1.0,12.8,0.05
1003,4825.0,3.0,4.0,3.0,410900.0,12.0,42.1,1.0,10.0,0.23076923076923078
1005,4769.0,3.0,2.0,2.0,325845.0,18.0,82.8,1.0,13.4,0.11428571428571428
1007,4326.0,3.0,4.0,3.0,307157.0,21.4,47.3,1.0,16.7,0.10344827586206896
1014,9600.0,3.0,3.0,3.0,249822.0,11.6,61.2,1.0,16.7,0.2727272727272727
1015,3660.0,1.0,3.0,3.0,360420.0,13.4,55.6,1.0,3.9,0.47368421052631576
1016,9753.0,3.0,3.0,3.0,413589.0,12.5,71.2,1.0,14.1,0.23376623376623376
1017,9702.0,3.0,3.0,3.0,277609.0,20.2,63.5,1.0,12.9,0.34782608695652173
1018,4689.0,4.0,5.0,5.0,376433.0,19.0,60.9,1.0,6.5,0.19230769230769232
1021,3626.0,4.0,5.0,5.0,310166.0,17.9,66.7,1.0,14.7,0.14553990610328638
1023,9719.0,4.0,4.0,5.0,412208.0,20.6,88.7,1.0,18.4,0.02575107296137339
1024,3839.0,3.0,3.0,2.0,257000.0,20.0,55.0,1.0,13.6,0.0
1028,9613.0,4.0,5.0,5.0,283460.0,25.4,80.5,1.0,14.8,0.0430622009569378
1030,9739.0,3.0,3.0,3.0,277333.0,19.5,60.0,1.0,14.4,0.2564102564102564
1033,1973.0,5.0,5.0,5.0,292965.0,22.3,60.0,1.0,16.8,0.17525773195876287
1037,9433.0,5.0,5.0,5.0,311826.0,19.5,73.9,1.0,17.6,0.041811846689895474
1040,4832.0,3.0,3.0,3.0,277017.0,22.2,64.5,2.0,19.0,0.1
1041,9889.0,3.0,4.0,4.0,325700.0,12.5,56.2,1.0,17.7,0.39655172413793105
1043,4709.0,3.0,4.0,4.0,258431.0,10.1,83.5,1.0,14.9,0.391304347826087
1046,9449.0,3.0,3.0,3.0,390053.0,15.4,50.3,3.0,6.1,0.16666666666666666
1051,9682.0,4.0,3.0,3.0,273041.0,21.8,68.9,1.0,14.6,0.16030534351145037
1054,8159.0,3.0,3.0,3.0,255522.0,11.7,46.5,3.0,16.8,0.1
1058,8015.0,5.0,5.0,5.0,355172.0,18.0,52.9,1.0,16.7,0.12857142857142856
1060,8068.0,4.0,4.0,3.0,294000.0,18.3,48.4,1.0,15.7,0.0
1061,8084.0,4.0,3.0,3.0,261750.0,12.9,62.6,1.0,17.5,0.2
1062,3153.0,4.0,5.0,4.0,313194.0,15.5,65.8,1.0,18.0,0.4074074074074074
1063,7433.0,4.0,3.0,4.0,371130.0,6.8,61.6,1.0,13.8,0.07692307692307693
1065,8032.0,3.0,4.0,3.0,361154.0,25.0,67.7,1.0,18.8,0.1111111111111111
1070,9902.0,3.0,3.0,3.0,269811.0,6.3,57.3,1.0,12.5,0.24193548387096775
1076,2760.0,3.0,3.0,3.0,308973.0,15.0,57.6,1.0,13.4,0.22727272727272727
1077,9960.0,3.0,3.0,3.0,309827.0,21.4,53.0,1.0,11.7,0.1111111111111111
1080,8012.0,4.0,4.0,4.0,455278.0,17.2,54.2,1.0,14.8,0.07894736842105263
1082,8145.0,2.0,2.0,3.0,271500.0,22.0,32.9,1.0,21.8,0.5
1086,7458.0,3.0,4.0,3.0,288494.0,11.0,49.5,1.0,11.4,0.2558139534883721
1088,2768.0,5.0,5.0,4.0,438600.0,20.6,64.4,1.0,15.4,0.058333333333333334
1091,3004.0,3.0,3.0,3.0,304138.0,4.2,49.7,1.0,14.1,0.2222222222222222
1095,8053.0,5.0,5.0,5.0,502000.0,12.8,64.8,1.0,18.1,0.018518518518518517
1097,8051.0,4.0,4.0,4.0,397055.0,22.6,57.6,1.0,13.5,0.24742268041237114
1099,8058.0,5.0,5.0,4.0,475570.0,27.2,54.8,1.0,18.4,0.04678362573099415
1102,8031.0,5.0,5.0,5.0,479824.0,6.4,60.0,1.0,18.2,0.0379746835443038
1104,8078.0,4.0,3.0,3.0,355068.0,23.8,60.2,1.0,12.5,0.18
1109,8020.0,3.0,4.0,4.0,408382.0,18.1,62.4,1.0,13.8,0.06818181818181818
1111,8088.0,4.0,3.0,4.0,367500.0,7.8,54.6,1.0,15.5,0.078125
1112,7537.0,3.0,4.0,4.0,317300.0,19.4,57.8,1.0,15.5,0.16
1114,9869.0,3.0,3.0,3.0,301248.0,14.6,57.8,2.0,15.4,0.175
1115,8154.0,4.0,3.0,3.0,380459.0,13.0,53.2,3.0,15.4,0.0
1116,7485.0,4.0,4.0,5.0,393545.0,13.0,47.7,1.0,12.8,0.10344827586206896
1117,7443.0,3.0,2.0,2.0,258330.0,21.5,39.2,1.0,22.3,1.0
1120,8098.0,3.0,4.0,3.0,365485.0,14.2,48.7,1.0,13.6,0.1111111111111111
1122,8001.0,5.0,5.0,5.0,450000.0,11.6,52.6,1.0,17.9,0.0364963503649635
1123,8133.0,4.0,4.0,4.0,349926.0,9.6,83.0,1.0,13.5,0.041666666666666664
1125,8140.0,4.0,4.0,3.0,300000.0,8.5,42.3,1.0,16.2,0.16
1127,8074.0,3.0,3.0,4.0,378000.0,15.7,52.1,1.0,12.3,0.1076923076923077
1130,9837.0,3.0,3.0,3.0,284490.0,6.7,50.6,1.0,10.6,0.09090909090909091
1131,8153.0,4.0,5.0,4.0,266273.0,14.4,56.4,1.0,16.7,0.3333333333333333
1132,7459.0,3.0,3.0,3.0,296100.0,10.2,45.1,3.0,16.9,0.05555555555555555
1138,8228.0,3.0,3.0,3.0,265141.0,26.1,48.1,1.0,16.2,0.2
1141,8275.0,3.0,3.0,3.0,530148.0,3.8,63.9,1.0,10.4,0.48
1144,7552.0,3.0,3.0,3.0,350138.0,13.3,59.3,2.0,14.3,0.16666666666666666
1149,8085.0,3.0,3.0,3.0,268000.0,4.4,60.7,1.0,16.1,0.25
1151,9830.0,4.0,4.0,4.0,282631.0,11.3,67.6,1.0,13.6,0.2457627118644068
1152,8142.0,3.0,4.0,4.0,244970.0,3.6,48.9,1.0,16.5,0.296875
1155,8249.0,4.0,4.0,3.0,287548.0,6.3,59.9,3.0,17.0,0.15
1158,7510.0,3.0,3.0,3.0,342333.0,8.8,51.8,3.0,16.7,0.0
1166,8043.0,3.0,3.0,3.0,399618.0,28.8,36.5,1.0,12.8,0.32
1167,7482.0,3.0,3.0,3.0,265000.0,9.2,66.8,1.0,15.2,0.14705882352941177
1168,8132.0,3.0,4.0,4.0,342500.0,15.9,48.8,1.0,10.0,0.21428571428571427
1171,8130.0,4.0,4.0,4.0,261000.0,22.1,66.5,1.0,15.8,0.08108108108108109
1175,9995.0,3.0,3.0,4.0,305125.0,10.5,86.9,1.0,13.8,0.2
1178,3024.0,2.0,3.0,2.0,296100.0,20.5,51.7,1.0,14.8,0.5454545454545454
1182,8081.0,3.0,4.0,3.0,327305.0,12.9,47.8,1.0,17.6,0.0
1184,9832.0,3.0,3.0,3.0,306506.0,5.5,62.2,1.0,16.1,0.2222222222222222
1191,9964.0,2.0,2.0,2.0,252765.0,9.2,60.8,1.0,9.8,0.07142857142857142
1196,7624.0,3.0,3.0,2.0,270667.0,13.1,37.7,1.0,17.8,0.08333333333333333
1197,8101.0,3.0,3.0,2.0,275533.0,7.8,63.0,1.0,16.0,0.23076923076923078
1198,7453.0,3.0,5.0,4.0,248684.0,14.0,45.3,1.0,7.3,0.35
1201,8276.0,4.0,3.0,4.0,281990.0,11.6,70.9,1.0,17.7,0.39037433155080214
1203,3192.0,3.0,3.0,3.0,246067.0,12.9,69.4,1.0,5.7,0.0
1205,2702.0,3.0,3.0,4.0,349843.0,18.7,49.6,1.0,13.2,0.36619718309859156
1206,9873.0,3.0,4.0,4.0,260887.0,13.2,50.3,1.0,15.0,0.2894736842105263
1208,9846.0,2.0,3.0,3.0,233433.0,3.7,44.1,1.0,17.6,0.5
1211,8219.0,4.0,4.0,3.0,238154.0,17.3,71.5,1.0,13.0,0.30357142857142855
1214,3099.0,4.0,5.0,5.0,310320.0,4.5,63.3,1.0,20.9,0.20434782608695654
1215,8233.0,4.0,4.0,4.0,286913.0,4.1,53.7,1.0,24.1,0.11688311688311688
1216,9853.0,3.0,3.0,3.0,280100.0,1.5,128.0,1.0,10.8,0.75
1217,8252.0,4.0,5.0,5.0,303132.0,3.9,57.5,1.0,15.8,0.125
1218,9936.0,3.0,3.0,3.0,334354.0,28.5,44.1,1.0,10.5,0.375
1221,7522.0,5.0,3.0,3.0,281098.0,26.1,30.3,1.0,6.9,0.6785714285714286
1224,2651.0,5.0,4.0,4.0,290154.0,9.4,54.2,1.0,13.6,0.18716577540106952
1226,8167.0,3.0,3.0,3.0,260355.0,14.0,45.1,1.0,15.0,0.42857142857142855
1228,7606.0,3.0,3.0,3.0,248762.0,7.6,58.5,1.0,7.8,0.3004484304932735
1229,8190.0,3.0,3.0,3.0,239571.0,21.3,49.7,1.0,22.3,0.5263157894736842
1230,9831.0,3.0,5.0,4.0,277411.0,10.9,48.0,1.0,13.8,0.40229885057471265
1231,9993.0,3.0,3.0,3.0,306011.0,5.1,34.2,2.0,18.4,0.16666666666666666
1234,9946.0,3.0,3.0,3.0,276643.0,13.8,36.0,1.0,15.3,0.5348837209302325
1256,7506.0,2.0,2.0,3.0,255500.0,1.5,59.2,1.0,8.1,1.0
1257,2674.0,3.0,2.0,3.0,324164.0,11.2,42.7,1.0,9.5,0.4166666666666667
1258,7561.0,3.0,3.0,3.0,382500.0,15.0,48.2,1.0,9.4,0.5454545454545454
1262,3397.0,4.0,4.0,4.0,372357.0,27.3,44.2,1.0,4.6,0.6898395721925134
1265,3382.0,5.0,5.0,5.0,324588.0,16.8,57.4,1.0,17.1,0.2228637413394919
1268,3197.0,3.0,4.0,3.0,265300.0,17.0,77.4,1.0,15.7,0.375609756097561
1273,8227.0,3.0,4.0,3.0,342637.0,0.1,65.4,1.0,15.2,0.3291139240506329
1293,2730.0,3.0,4.0,3.0,241990.0,15.4,36.8,1.0,17.0,0.3025936599423631
1295,3136.0,3.0,3.0,2.0,280000.0,10.0,45.8,1.0,9.5,0.16666666666666666
1298,8242.0,4.0,4.0,4.0,276172.0,6.6,46.3,1.0,17.0,0.14035087719298245
1299,3141.0,3.0,3.0,3.0,256435.0,6.2,58.4,1.0,3.9,0.18545454545454546
1301,8182.0,3.0,3.0,3.0,296027.0,15.6,48.0,1.0,20.6,0.3333333333333333
1302,8273.0,3.0,3.0,3.0,326664.0,17.2,61.8,1.0,15.1,0.21910112359550563
1304,8267.0,5.0,5.0,5.0,296039.0,5.5,64.6,1.0,19.1,0.27835051546391754
1307,2685.0,3.0,4.0,4.0,274714.0,6.2,65.0,1.0,5.7,0.3177570093457944
1308,2678.0,4.0,4.0,4.0,375506.0,27.4,69.3,1.0,9.1,0.3125
1310,8255.0,4.0,3.0,3.0,311109.0,16.3,77.2,2.0,8.3,0.23376623376623376
1311,9627.0,3.0,4.0,4.0,329724.0,3.9,53.0,1.0,6.7,0.2702702702702703
1313,3092.0,3.0,4.0,4.0,374571.0,10.0,105.8,1.0,5.5,0.16666666666666666
1316,8163.0,3.0,3.0,3.0,278333.0,15.9,46.1,1.0,16.7,0.2857142857142857
1321,3086.0,5.0,5.0,5.0,307813.0,3.0,51.7,1.0,22.9,0.15555555555555556
1334,8554.0,3.0,3.0,3.0,265259.0,11.2,57.1,1.0,15.7,0.2
1341,8392.0,2.0,3.0,3.0,262506.0,12.1,62.7,1.0,15.3,0.2413793103448276
1351,8341.0,3.0,3.0,3.0,339800.0,15.4,73.0,1.0,15.7,0.1986754966887417
1352,8366.0,4.0,4.0,3.0,285685.0,9.1,53.8,1.0,14.7,0.3474576271186441
1354,8381.0,3.0,3.0,3.0,275878.0,13.0,68.8,1.0,17.6,0.18478260869565216
1355,8306.0,5.0,5.0,5.0,394726.0,19.4,73.9,1.0,14.7,0.11666666666666667
1356,8316.0,5.0,5.0,5.0,385298.0,23.0,81.2,1.0,14.5,0.12577833125778332
1362,8370.0,3.0,3.0,3.0,303900.0,6.2,43.6,1.0,15.0,0.26666666666666666
1365,8385.0,3.0,3.0,3.0,324256.0,11.7,69.6,1.0,15.6,0.1945945945945946
1369,8350.0,3.0,3.0,3.0,235753.0,11.3,77.3,1.0,16.4,0.16981132075471697
1370,8411.0,5.0,5.0,5.0,399713.0,21.1,70.3,1.0,15.3,0.14807162534435261
1374,8304.0,3.0,5.0,4.0,408500.0,21.2,72.1,1.0,14.9,0.12903225806451613
1375,8604.0,5.0,4.0,5.0,435633.0,14.5,65.0,1.0,16.0,0.22152886115444617
1377,8601.0,5.0,5.0,5.0,396704.0,21.2,71.7,1.0,14.4,0.3080168776371308
1380,8706.0,2.0,3.0,3.0,268000.0,25.0,40.4,1.0,16.0,0.4444444444444444
1387,8624.0,3.0,3.0,3.0,248679.0,17.8,48.9,1.0,14.3,0.3793103448275862
1388,8708.0,2.0,2.0,3.0,287084.0,8.9,37.9,1.0,13.8,0.3225806451612903
1389,8473.0,3.0,3.0,3.0,458215.0,16.2,60.9,1.0,6.1,0.4
1393,8766.0,5.0,5.0,5.0,375796.0,10.8,72.9,1.0,15.4,0.10069444444444445
1395,8750.0,5.0,5.0,5.0,487078.0,4.5,64.0,1.0,12.0,0.060411311053984576
1402,8795.0,4.0,5.0,5.0,425000.0,4.5,80.3,1.0,18.8,0.17346938775510204
1403,8630.0,5.0,5.0,5.0,465960.0,7.7,80.4,1.0,14.3,0.13582089552238805
1404,8725.0,5.0,5.0,5.0,367120.0,15.5,68.1,1.0,13.4,0.15818759936406995
1405,8424.0,4.0,5.0,4.0,316779.0,11.6,72.0,1.0,14.5,0.05714285714285714
1407,8439.0,4.0,5.0,4.0,335770.0,10.2,72.7,1.0,17.1,0.041666666666666664
1412,8566.0,5.0,4.0,5.0,281030.0,10.4,67.8,1.0,13.6,0.125
1413,7199.0,3.0,3.0,3.0,313071.0,20.2,66.8,1.0,6.2,0.3181818181818182
1414,7187.0,2.0,2.0,3.0,388750.0,24.6,63.4,1.0,6.0,0.2857142857142857
1415,8253.0,3.0,4.0,4.0,298694.0,9.3,72.4,1.0,13.6,0.1807909604519774
1416,8591.0,3.0,4.0,4.0,402048.0,23.5,71.4,1.0,17.3,0.04411764705882353
1417,8585.0,4.0,4.0,5.0,284990.0,15.3,61.2,1.0,16.2,0.27601809954751133
1418,7191.0,2.0,2.0,2.0,303992.0,17.0,67.8,1.0,4.7,0.5
1419,8570.0,3.0,4.0,4.0,273500.0,20.5,71.4,1.0,2.3,0.21904761904761905
1421,8572.0,3.0,5.0,4.0,288572.0,19.0,72.4,1.0,14.8,0.26548672566371684
1422,8793.0,4.0,4.0,4.0,286525.0,22.0,61.2,1.0,13.2,0.0625
1423,8931.0,3.0,3.0,3.0,298114.0,11.6,61.3,1.0,10.7,0.0
1424,3231.0,4.0,5.0,4.0,396685.0,12.1,60.5,1.0,15.4,0.0625
1428,8892.0,3.0,3.0,3.0,414220.0,34.3,53.9,1.0,4.3,0.36363636363636365
1437,8848.0,4.0,4.0,5.0,248312.0,11.4,90.5,1.0,10.5,0.4205298013245033
1446,8923.0,3.0,4.0,3.0,282250.0,26.7,55.3,1.0,5.8,0.16666666666666666
1450,3277.0,2.0,2.0,2.0,327857.0,9.7,73.8,1.0,7.9,0.5714285714285714
1459,8905.0,5.0,4.0,4.0,316904.0,10.2,55.8,1.0,7.6,0.14545454545454545
1467,3491.0,3.0,3.0,3.0,549707.0,24.0,27.8,1.0,1.6,0.6
1476,2433.0,5.0,4.0,4.0,463900.0,22.7,31.0,1.0,12.3,0.07407407407407407
1481,1954.0,3.0,3.0,3.0,259918.0,37.1,54.3,1.0,14.2,0.13157894736842105
1490,4324.0,4.0,4.0,5.0,403000.0,12.5,47.0,1.0,14.2,0.06206896551724138
1492,9708.0,3.0,3.0,3.0,298300.0,1.8,37.4,1.0,14.0,0.24074074074074073
1493,9743.0,3.0,4.0,4.0,281985.0,22.3,52.6,1.0,15.3,0.024390243902439025
1495,9757.0,3.0,4.0,3.0,269250.0,6.0,56.1,1.0,9.4,0.0
1498,2179.0,3.0,3.0,2.0,231203.0,12.9,61.2,1.0,6.0,0.5454545454545454
1512,4708.0,3.0,3.0,3.0,235427.0,8.2,84.4,1.0,8.2,0.1875
1514,4681.0,3.0,3.0,4.0,294672.0,10.4,45.1,1.0,8.7,0.43162393162393164
1516,7065.0,3.0,3.0,3.0,327310.0,18.0,58.0,1.0,8.6,0.0
1523,6183.0,3.0,5.0,5.0,268521.0,28.3,65.5,1.0,12.4,0.06896551724137931
1524,9783.0,5.0,5.0,5.0,303080.0,26.5,50.1,1.0,13.6,0.12987012987012986
1529,2424.0,3.0,2.0,2.0,332187.0,10.8,12.7,1.0,4.7,0.16326530612244897
1532,2469.0,3.0,3.0,3.0,268388.0,7.3,34.1,1.0,14.5,0.18181818181818182
1535,2168.0,3.0,5.0,4.0,327000.0,16.1,62.1,1.0,9.1,0.23626373626373626
1545,9715.0,3.0,3.0,4.0,295260.0,17.6,55.9,1.0,8.8,0.3293233082706767
1549,2379.0,3.0,3.0,3.0,357094.0,23.1,44.9,1.0,4.0,0.36486486486486486
1552,7045.0,2.0,3.0,3.0,230233.0,17.2,45.4,1.0,6.0,0.0
1554,4665.0,5.0,5.0,4.0,243514.0,5.3,69.4,1.0,15.4,0.125
1556,9793.0,4.0,3.0,3.0,312051.0,43.8,67.0,1.0,11.3,0.3333333333333333
1561,9625.0,3.0,3.0,3.0,395000.0,4.0,30.3,1.0,15.5,0.0
1562,4293.0,3.0,4.0,3.0,443050.0,18.0,60.7,1.0,4.8,0.2631578947368421
1566,6196.0,3.0,2.0,2.0,426671.0,5.8,52.9,2.0,2.6,0.2
1576,7081.0,3.0,3.0,3.0,270610.0,21.4,48.0,1.0,13.3,0.5185185185185185
1581,6547.0,3.0,4.0,3.0,284597.0,9.1,58.7,1.0,7.0,0.5806451612903226
1586,2371.0,3.0,4.0,4.0,359558.0,23.2,63.0,1.0,5.2,0.1111111111111111
1589,9765.0,3.0,4.0,4.0,246543.0,29.2,63.2,1.0,15.3,0.11764705882352941
1594,2471.0,3.0,3.0,3.0,338550.0,9.4,56.9,1.0,3.4,0.5
1601,7087.0,3.0,3.0,3.0,283169.0,18.4,69.1,1.0,4.3,0.7647058823529411
1604,6200.0,2.0,2.0,2.0,290744.0,24.8,90.7,1.0,3.2,0.3870967741935484
1606,9619.0,3.0,2.0,2.0,332976.0,15.3,65.7,1.0,11.6,0.23809523809523808
1608,9787.0,4.0,5.0,5.0,305025.0,9.5,67.3,1.0,11.8,0.1896551724137931
1616,2427.0,3.0,3.0,3.0,278467.0,14.2,74.4,1.0,3.2,0.5736434108527132
1617,2198.0,2.0,3.0,3.0,329476.0,11.0,52.8,2.0,5.5,0.3983739837398374
1620,6071.0,3.0,3.0,3.0,320634.0,10.0,74.1,1.0,4.0,0.4090909090909091
1621,4544.0,4.0,5.0,5.0,250344.0,17.1,48.2,1.0,12.8,0.2777777777777778
1627,2331.0,4.0,4.0,5.0,265704.0,36.0,53.1,1.0,17.4,0.4047058823529412
1628,7083.0,2.0,3.0,2.0,268390.0,3.0,46.9,1.0,3.0,0.0
