,証券コード,環境(5),企業統治(5),社会性(5),30歳平均賃金,月平均残業時間,有休取得率/前期,従業員の能力・評価結果の公開,勤続年数合計/前期,3年以内離職率,資産合計,自己資本,純利益,ROA,ROE
0,1332.0,4.0,5.0,5.0,295405.0,16.7,69.4,1.0,16.9,0.1458333333333333,332621.0,104895.0,7165.0,2.1541033187922594,6.830640163973498
1,1333.0,4.0,5.0,4.0,258921.0,16.3,41.6,1.0,15.7,0.0689655172413793,363756.0,96112.0,10949.0,3.0099847150287555,11.391917762610287
2,1662.0,4.0,5.0,4.0,352741.0,18.7,73.3,1.0,16.6,0.0,423049.0,337872.0,-20003.0,-4.728293885578267,-5.920289340341904
4,1852.0,3.0,4.0,4.0,291013.0,26.3,45.9,1.0,21.5,0.8,84959.0,42300.0,3928.0,4.623406584352453,9.286052009456265
6,1899.0,3.0,3.0,3.0,354409.0,35.8,60.3,1.0,17.5,0.2,79165.0,47612.0,4541.0,5.736120760437062,9.537511551709652
7,1848.0,2.0,2.0,2.0,343834.0,15.0,45.5,1.0,15.5,0.1428571428571428,27185.0,9875.0,767.0,2.821408865183005,7.767088607594936
8,1813.0,3.0,4.0,3.0,278950.0,27.2,55.2,1.0,19.8,0.1794871794871795,46819.0,27492.0,1777.0,3.7954676520216153,6.463698530481595
9,1718.0,3.0,3.0,3.0,214500.0,8.6,60.3,1.0,11.8,0.6363636363636364,20232.0,11058.0,523.0,2.585013839462238,4.7296075239645505
10,1963.0,4.0,4.0,4.0,339423.0,18.8,60.2,1.0,17.8,0.1958762886597938,417396.0,261539.0,-53215.0,-12.749283653892226,-20.346869874091436
11,1890.0,4.0,3.0,3.0,310100.0,33.8,44.8,1.0,18.0,0.1551724137931034,123115.0,63505.0,5423.0,4.404824757340698,8.539485079914968
12,1835.0,4.0,4.0,3.0,292818.0,29.8,73.1,2.0,13.6,0.1923076923076923,126148.0,88009.0,4798.0,3.8034689412436187,5.451715165494439
13,1720.0,5.0,5.0,4.0,411290.0,27.0,57.6,1.0,20.0,0.1326530612244898,216561.0,78886.0,-7494.0,-3.460456868965326,-9.499784499150673
14,1808.0,4.0,4.0,4.0,322500.0,32.0,64.9,1.0,17.0,0.1359223300970873,888509.0,356487.0,45457.0,5.116098992807051,12.751376628039731
15,1975.0,3.0,3.0,3.0,298872.0,42.6,51.3,2.0,20.1,0.2307692307692307,70650.0,33860.0,1760.0,2.4911535739561215,5.197873597164796
16,1941.0,3.0,3.0,3.0,271319.0,31.4,61.8,2.0,18.2,0.2030075187969924,255990.0,207822.0,6375.0,2.490331653580218,3.0675289430377917
17,1925.0,5.0,4.0,5.0,268850.0,24.2,59.6,1.0,14.4,0.2064171122994652,3464449.0,1560626.0,165381.0,4.773659534315558,10.597093730336416
19,1822.0,3.0,3.0,3.0,416426.0,50.0,42.8,1.0,19.3,0.2790697674418604,138602.0,62747.0,10365.0,7.478247067141888,16.518718026359828
20,1878.0,5.0,5.0,4.0,257463.0,14.6,76.9,1.0,10.5,0.3524804177545692,669348.0,137794.0,43005.0,6.424909015937898,31.209631769162666
21,1801.0,5.0,5.0,5.0,387765.0,41.6,46.5,1.0,18.2,0.0836653386454183,1690241.0,675164.0,57743.0,3.416258391554814,8.55244059221167
22,1979.0,5.0,4.0,4.0,290823.0,32.8,57.2,1.0,17.4,0.1296296296296296,148593.0,103110.0,7657.0,5.153001823773664,7.4260498496751035
23,1928.0,5.0,5.0,5.0,272923.0,24.4,45.9,1.0,16.5,0.1047227926078028,1634066.0,903044.0,96279.0,5.8919896748356555,10.661606743414497
24,1820.0,5.0,5.0,4.0,313500.0,34.6,48.3,1.0,18.0,0.13,462400.0,147941.0,15003.0,3.244593425605536,10.141204939807086
25,1803.0,5.0,5.0,5.0,383200.0,32.1,52.0,1.0,16.5,0.0384615384615384,1749528.0,699210.0,45735.0,2.614133640616212,6.540953361651006
26,1952.0,4.0,4.0,3.0,266333.0,30.4,52.0,1.0,16.6,0.2,90837.0,49805.0,5255.0,5.785087574446536,10.551149482983636
27,1810.0,3.0,3.0,3.0,274482.0,21.8,42.1,2.0,18.6,0.25,66407.0,41427.0,1726.0,2.599123586368907,4.166364931083593
29,1812.0,5.0,5.0,5.0,369000.0,42.0,44.4,2.0,18.3,0.0331950207468879,1642964.0,656485.0,72192.0,4.3940098504897245,10.996747831252808
30,1961.0,5.0,5.0,5.0,275602.0,29.9,54.5,1.0,18.6,0.125,171310.0,84989.0,6952.0,4.058140213647773,8.17988210238972
31,1821.0,5.0,4.0,4.0,378500.0,39.6,48.3,1.0,21.0,0.091743119266055,315941.0,70627.0,-8557.0,-2.7084170778721344,-12.115763093434524
32,1969.0,5.0,5.0,4.0,329000.0,44.9,59.1,1.0,16.1,0.125,247772.0,119599.0,11731.0,4.734594708038035,9.808610439886621
33,1948.0,3.0,3.0,2.0,256912.0,24.8,55.9,1.0,18.7,0.1666666666666666,26807.0,17863.0,303.0,1.1303017868467191,1.696243632088675
34,1893.0,4.0,4.0,4.0,317879.0,23.9,48.4,1.0,17.5,0.1684210526315789,456004.0,139835.0,9129.0,2.001956123191902,6.528408481424536
35,1860.0,5.0,5.0,5.0,377050.0,21.9,60.5,2.0,19.1,0.0718954248366013,712493.0,293495.0,16215.0,2.2758118325373022,5.524795993117429
36,1861.0,5.0,4.0,5.0,361633.0,24.4,44.7,1.0,19.5,0.0984848484848484,303997.0,133749.0,13730.0,4.5164919390651885,10.265497312129437
37,1959.0,3.0,3.0,3.0,265035.0,28.0,59.8,1.0,16.4,0.2475728155339805,336952.0,199176.0,20690.0,6.140340463923645,10.387797726633732
38,1833.0,4.0,4.0,4.0,397542.0,27.7,48.9,1.0,16.6,0.136986301369863,301506.0,161192.0,12715.0,4.217163174198855,7.888108590997072
39,1417.0,4.0,5.0,4.0,262919.0,24.5,62.1,1.0,15.0,0.1525423728813559,237063.0,116565.0,14402.0,6.075178328123747,12.355338223308882
40,1871.0,3.0,4.0,4.0,288600.0,26.6,51.4,2.0,18.8,0.1764705882352941,82695.0,40191.0,4128.0,4.991837475058952,10.270956184220347
41,1827.0,3.0,3.0,3.0,369975.0,32.2,56.7,1.0,17.5,0.1724137931034483,60222.0,26971.0,2073.0,3.44226362458902,7.686033146713137
42,1946.0,3.0,3.0,3.0,264000.0,29.2,63.6,1.0,19.4,0.145631067961165,274375.0,104789.0,6724.0,2.450660592255125,6.41670404336333
43,1965.0,3.0,4.0,3.0,284015.0,40.4,46.3,1.0,14.8,0.2424242424242424,57176.0,37940.0,2138.0,3.7393311879110116,5.635213494992093
44,1980.0,4.0,5.0,5.0,302292.0,22.1,46.2,1.0,17.9,0.074074074074074,136750.0,75779.0,5863.0,4.287385740402193,7.7369719843228335
45,1712.0,3.0,2.0,2.0,410888.0,25.1,55.4,1.0,8.7,0.2,19587.0,13364.0,1031.0,5.263695308112524,7.714756061059563
46,1721.0,4.0,5.0,5.0,271163.0,23.1,50.9,1.0,16.0,0.1521739130434782,186000.0,120946.0,12863.0,6.915591397849462,10.635324855720734
47,1951.0,4.0,4.0,5.0,282881.0,31.0,64.0,1.0,17.3,0.0947368421052631,406061.0,218203.0,20539.0,5.058107033179744,9.412794507866527
48,4526.0,4.0,4.0,4.0,297671.0,13.0,69.9,1.0,16.0,0.2,81367.0,51334.0,20674.0,25.408335074415916,40.27350294152024
49,2269.0,5.0,5.0,5.0,301592.0,9.1,66.8,1.0,17.0,0.128440366972477,391413.0,246042.0,31735.0,8.107804288564765,12.898204371611351
50,2573.0,3.0,3.0,4.0,231585.0,8.5,52.2,1.0,18.9,0.0,45935.0,37626.0,576.0,1.2539457929683246,1.5308563227555414
51,2607.0,5.0,5.0,4.0,292100.0,18.6,68.6,1.0,18.5,0.1212121212121212,239118.0,123528.0,2463.0,1.0300353800215793,1.9938799300563435
52,2282.0,4.0,5.0,4.0,334775.0,24.1,54.1,1.0,18.0,0.0327868852459016,538489.0,229067.0,31894.0,5.922869362233954,13.92343724761751
53,2002.0,5.0,4.0,4.0,324567.0,19.0,67.5,1.0,17.0,0.1162790697674418,380464.0,308077.0,16831.0,4.4238088229109715,5.463244578465773
54,2897.0,5.0,5.0,5.0,279439.0,20.0,70.7,1.0,12.5,0.125,417786.0,244955.0,24447.0,5.851560368226796,9.98020044497969
55,2602.0,5.0,5.0,5.0,288563.0,18.5,70.7,1.0,18.6,0.15,267725.0,119412.0,4149.0,1.5497245307685126,3.4745251733494125
56,2117.0,3.0,3.0,2.0,287000.0,20.1,43.3,1.0,19.4,0.2222222222222222,56717.0,49143.0,1232.0,2.172188232804979,2.5069694564841383
57,2875.0,4.0,4.0,4.0,275236.0,21.1,62.8,2.0,15.3,0.1627906976744186,276505.0,192819.0,20408.0,7.380698359884994,10.584019209725183
58,2204.0,3.0,3.0,3.0,262156.0,16.0,59.7,1.0,18.3,0.6785714285714286,42142.0,26084.0,232.0,0.5505196715865407,0.8894341358687318
60,2270.0,4.0,5.0,4.0,276312.0,17.5,73.8,1.0,14.3,0.0934579439252336,328568.0,159505.0,9043.0,2.7522461103941955,5.669414751888655
61,2264.0,5.0,5.0,5.0,391057.0,11.5,70.2,1.0,15.7,0.0758620689655172,387255.0,134589.0,27023.0,6.978089372635601,20.078163891551316
62,2201.0,4.0,4.0,4.0,247007.0,13.3,62.6,1.0,18.4,0.1951219512195122,197405.0,112783.0,24717.0,12.520959448848815,21.91553691602458
63,2004.0,4.0,4.0,4.0,292634.0,7.8,58.8,1.0,15.8,0.1777777777777777,173123.0,79436.0,2284.0,1.3192932192718472,2.875270658139886
64,2206.0,4.0,5.0,4.0,387310.0,23.7,68.1,1.0,17.7,0.1111111111111111,297011.0,208739.0,10323.0,3.475628848763177,4.945410297069546
65,2220.0,3.0,3.0,3.0,301000.0,7.9,65.5,1.0,20.2,0.0625,75901.0,43406.0,3434.0,4.524314567660505,7.911348661475372
66,2209.0,3.0,3.0,3.0,258492.0,17.0,56.3,2.0,13.5,0.0909090909090909,19074.0,15493.0,659.0,3.4549648736499945,4.253533853998579
67,2593.0,4.0,4.0,5.0,330000.0,28.6,53.9,1.0,16.0,0.2439024390243902,278776.0,156327.0,12360.0,4.433667173644791,7.906503674988966
68,2805.0,4.0,4.0,4.0,317500.0,12.0,72.0,1.0,13.9,0.1463414634146341,104713.0,55100.0,5706.0,5.449180140001719,10.355716878402903
69,2931.0,3.0,3.0,3.0,404726.0,25.0,61.2,1.0,4.3,0.0,27794.0,21915.0,-2355.0,-8.473051737785134,-10.746064339493499
70,2267.0,5.0,4.0,5.0,297974.0,8.1,71.7,1.0,18.4,0.075268817204301,323463.0,195512.0,31130.0,9.623975539706242,15.922296329637057
71,2217.0,3.0,3.0,3.0,268660.0,6.6,64.8,1.0,14.4,0.1875,25113.0,17578.0,1028.0,4.093497391789113,5.848219365115486
72,4404.0,3.0,3.0,3.0,281967.0,10.7,60.1,1.0,18.0,0.1739130434782608,49581.0,23567.0,632.0,1.2746818337669672,2.681715958755887
73,2060.0,3.0,3.0,3.0,286467.0,6.9,54.3,1.0,15.3,0.0666666666666666,91075.0,40182.0,3215.0,3.530057644798243,8.001095017669604
74,2810.0,4.0,4.0,5.0,325162.0,17.5,61.4,1.0,20.3,0.1285714285714285,222917.0,193625.0,13096.0,5.87483233669931,6.76358941252421
75,2001.0,4.0,4.0,4.0,312039.0,15.4,63.0,1.0,16.3,0.18,257369.0,150357.0,10222.0,3.971729306948389,6.7984862693456245
76,2871.0,4.0,4.0,4.0,236840.0,17.3,59.7,1.0,16.8,0.146067415730337,205028.0,107058.0,12433.0,6.064049788321595,11.613331091557848
77,2501.0,5.0,5.0,5.0,326600.0,14.5,60.0,1.0,16.5,0.0384615384615384,357752.0,142395.0,8509.0,2.3784632930074467,5.9756311668246775
78,2579.0,4.0,5.0,5.0,326594.0,15.4,49.2,1.0,17.0,0.2576923076923076,543410.0,351812.0,18395.0,3.385105169209253,5.228644844405535
79,2503.0,5.0,5.0,5.0,318793.0,20.1,67.1,1.0,17.5,0.053763440860215,1996761.0,1007022.0,77251.0,3.8688155467780065,7.671232604650147
80,2809.0,5.0,5.0,5.0,318344.0,15.9,61.7,1.0,15.3,0.1020408163265306,252832.0,158264.0,12644.0,5.000949246930769,7.989182631552342
81,2801.0,5.0,4.0,4.0,360016.0,12.4,74.3,1.0,13.4,0.03125,271420.0,92046.0,15193.0,5.597597818878491,16.50587749603459
82,2216.0,4.0,4.0,4.0,337502.0,12.5,63.3,1.0,13.7,0.2083333333333333,21200.0,11750.0,879.0,4.14622641509434,7.480851063829787
83,2229.0,4.0,4.0,5.0,338686.0,13.8,67.8,1.0,14.9,0.1666666666666666,208494.0,166728.0,20637.0,9.898126564793232,12.3776450266302
84,2811.0,5.0,4.0,4.0,308300.0,14.2,83.0,1.0,16.8,0.0192307692307692,155419.0,102440.0,7140.0,4.594032904599824,6.969933619679812
85,2533.0,3.0,3.0,3.0,245555.0,6.0,79.1,1.0,17.3,0.2222222222222222,34778.0,16633.0,839.0,2.412444648915981,5.044189262309866
86,2815.0,3.0,4.0,3.0,350000.0,7.0,29.9,2.0,14.3,0.3333333333333333,107344.0,97144.0,5841.0,5.441384707109853,6.012723379724944
87,2502.0,5.0,5.0,5.0,305757.0,18.3,60.6,1.0,14.0,0.059880239520958,3045652.0,1229747.0,173574.0,5.699075271895804,14.114610566238422
88,2613.0,4.0,5.0,4.0,285000.0,16.9,63.7,1.0,16.8,0.05,158081.0,90362.0,5893.0,3.727835729784098,6.521546667847105
89,2914.0,5.0,5.0,5.0,307360.0,17.8,84.0,1.0,18.1,0.0797546012269938,2487979.0,1343494.0,216896.0,8.717758469826313,16.144173327160374
90,3512.0,3.0,3.0,3.0,308900.0,1.1,51.8,2.0,23.0,0.1,21307.0,15969.0,510.0,2.3935795747876285,3.1936877700544803
91,3101.0,4.0,5.0,4.0,305644.0,9.4,64.0,1.0,17.0,0.1386138613861386,447112.0,156273.0,6174.0,1.3808620658805848,3.950778445412835
92,8040.0,3.0,3.0,3.0,254487.0,4.4,78.1,1.0,15.5,0.4285714285714285,14123.0,7878.0,299.0,2.117113927635771,3.7953795379537953
93,3402.0,5.0,5.0,5.0,310533.0,9.1,80.2,1.0,15.9,0.0827067669172932,1508708.0,699567.0,67272.0,4.458914514935959,9.616234041914499
94,3401.0,5.0,5.0,5.0,393576.0,13.5,70.4,1.0,18.6,0.05,638832.0,264285.0,36138.0,5.656886317529492,13.6738747942562
95,3580.0,4.0,3.0,3.0,287472.0,3.5,51.3,1.0,16.6,0.1860465116279069,40537.0,30558.0,1950.0,4.8104201100229425,6.381307677204005
96,8011.0,3.0,3.0,3.0,279300.0,9.7,60.0,1.0,13.9,0.2352941176470588,51639.0,33957.0,860.0,1.6654079281163463,2.5326147775127366
97,3591.0,3.0,4.0,4.0,284019.0,3.2,77.4,1.0,15.0,0.131578947368421,165180.0,137759.0,2749.0,1.6642450659886183,1.9955139047176593
98,3103.0,3.0,3.0,3.0,272946.0,8.5,52.6,2.0,18.1,0.2093023255813953,172788.0,40485.0,1607.0,0.9300414380628284,3.9693713721131285
99,3551.0,3.0,3.0,3.0,265588.0,12.7,51.7,2.0,17.6,0.1052631578947368,49989.0,20377.0,1296.0,2.5925703654804058,6.36011189085734
100,8111.0,4.0,4.0,4.0,313944.0,18.6,47.8,1.0,17.3,0.1612903225806451,74543.0,42065.0,11951.0,16.032357162979757,28.410792820634732
101,3002.0,4.0,4.0,5.0,312606.0,5.7,66.8,1.0,20.2,0.1904761904761904,134257.0,106184.0,1699.0,1.2654833639959184,1.6000527386423566
102,3865.0,4.0,3.0,3.0,251033.0,13.8,57.1,1.0,19.7,0.2884615384615384,268469.0,131708.0,7368.0,2.7444509421944434,5.594193215294439
103,3863.0,4.0,5.0,5.0,337500.0,14.5,67.9,1.0,21.1,0.1176470588235294,1238116.0,291531.0,-230.0,-0.018576611561436893,-0.07889383976318128
104,3880.0,5.0,5.0,4.0,264226.0,20.8,65.7,1.0,17.7,0.1486486486486486,724931.0,229461.0,61670.0,8.507016529849047,26.876026862952745
105,3861.0,5.0,5.0,5.0,276610.0,12.6,81.0,1.0,16.6,0.1666666666666666,1098746.0,401117.0,23899.0,2.1751159958716575,5.958111972317304
106,3941.0,5.0,5.0,5.0,316600.0,18.0,63.9,1.0,15.3,0.1707317073170731,592551.0,182623.0,17968.0,3.0323128304567875,9.838848337832584
107,3946.0,4.0,4.0,3.0,249650.0,8.4,44.5,1.0,14.0,0.2941176470588235,120236.0,55624.0,3586.0,2.982467813300509,6.446857471594996
108,5208.0,3.0,3.0,3.0,339431.0,14.0,51.6,1.0,20.0,0.0,50225.0,40867.0,2348.0,4.674962667994027,5.745467002716128
109,4112.0,5.0,5.0,4.0,274270.0,10.0,64.5,1.0,17.1,0.2307692307692307,52337.0,37714.0,1553.0,2.9673080230047577,4.117834226016863
110,4368.0,3.0,3.0,3.0,255063.0,13.6,63.7,1.0,12.9,0.1666666666666666,84011.0,67427.0,10162.0,12.09603504303008,15.071113945452119
111,4901.0,5.0,5.0,5.0,361000.0,12.2,60.2,1.0,19.2,0.0631578947368421,1695782.0,1239984.0,32685.0,1.9274293511783942,2.6359211086594665
112,4403.0,5.0,4.0,4.0,315100.0,13.0,69.3,1.0,18.9,0.0638297872340425,243027.0,175008.0,23256.0,9.569307114024369,13.288535381239717
113,4619.0,4.0,3.0,3.0,274526.0,10.5,54.6,1.0,17.1,0.2692307692307692,55642.0,32373.0,1720.0,3.091190108191654,5.31306953325302
114,4041.0,4.0,4.0,4.0,303252.0,7.5,72.8,1.0,20.0,0.0444444444444444,189216.0,120692.0,7919.0,4.185164045323863,6.561329665595069
115,4114.0,4.0,4.0,4.0,355000.0,15.3,67.2,1.0,16.4,0.0980392156862745,356044.0,260212.0,17609.0,4.945737043736168,6.767174457749834
116,4091.0,4.0,4.0,4.0,301600.0,17.6,60.3,1.0,16.4,0.0714285714285714,977662.0,262466.0,14033.0,1.4353631418629342,5.346597273551621
117,4272.0,4.0,4.0,5.0,342346.0,11.3,65.8,1.0,14.6,0.0714285714285714,236430.0,184800.0,12609.0,5.333079558431671,6.823051948051948
118,4612.0,4.0,5.0,5.0,391050.0,15.8,54.1,1.0,13.4,0.1071428571428571,2037839.0,1513758.0,1778.0,0.08724928711247552,0.11745602665683684
119,4205.0,4.0,5.0,4.0,353500.0,16.2,55.4,1.0,15.8,0.2564102564102564,402682.0,239999.0,28072.0,6.9712577170074645,11.696715402980844
120,4021.0,4.0,5.0,4.0,335700.0,17.7,71.0,1.0,15.7,0.0897435897435897,231022.0,168359.0,34402.0,14.891222480975838,20.433716047256162
121,4620.0,4.0,3.0,3.0,236933.0,13.8,68.0,1.0,16.2,0.0,31175.0,25017.0,1043.0,3.345629510825982,4.169164967821882
122,7917.0,3.0,3.0,3.0,248705.0,26.2,49.0,1.0,16.3,0.2352941176470588,95414.0,66108.0,5350.0,5.607143605760161,8.092817813275246
123,4045.0,4.0,4.0,4.0,345500.0,7.9,89.4,1.0,20.9,0.0508474576271186,228267.0,163244.0,11314.0,4.956476407014593,6.930729460194556
124,4634.0,4.0,5.0,4.0,333353.0,6.2,59.4,1.0,20.7,0.0784313725490196,260784.0,170867.0,5333.0,2.04498742254126,3.1211410044069363
126,4186.0,4.0,5.0,4.0,299165.0,17.0,72.0,1.0,19.9,0.1333333333333333,164548.0,129180.0,16987.0,10.323431460728784,13.14986840068122
127,7971.0,3.0,3.0,3.0,338310.0,17.4,57.1,1.0,16.5,0.28125,66606.0,27607.0,337.0,0.5059604239858271,1.2207048936863838
128,4042.0,4.0,4.0,5.0,354467.0,16.2,79.2,1.0,14.4,0.027906976744186,726798.0,558609.0,95053.0,13.078324376236589,17.01601656972945
129,4461.0,4.0,4.0,4.0,314952.0,12.3,66.1,1.0,15.0,0.0,66340.0,28520.0,1750.0,2.6379258365993365,6.1360448807854135
130,4116.0,4.0,3.0,3.0,317167.0,3.6,60.5,1.0,18.0,0.037037037037037,137171.0,63039.0,4637.0,3.3804521363845126,7.355763892193721
131,4221.0,4.0,4.0,3.0,292332.0,3.2,52.8,1.0,16.1,0.14,85251.0,44372.0,2920.0,3.425179763287234,6.580726584332462
132,4204.0,5.0,5.0,5.0,293612.0,11.2,58.2,1.0,15.2,0.1140939597315436,668738.0,339641.0,55915.0,8.361271529358284,16.462971196057012
133,4028.0,3.0,3.0,3.0,271500.0,5.0,73.6,1.0,19.5,0.0,159036.0,75559.0,6878.0,4.324806961945723,9.102820312603397
134,4063.0,5.0,5.0,5.0,308125.0,13.6,62.4,1.0,20.2,0.064,1299322.0,881113.0,150831.0,11.608438862729948,17.118235686001682
135,4004.0,5.0,5.0,5.0,336644.0,15.7,71.6,1.0,16.3,0.053030303030303,1211549.0,457089.0,30726.0,2.536092225737465,6.722104447930271
136,4967.0,4.0,4.0,4.0,305208.0,12.6,60.1,1.0,12.6,0.0923076923076923,222250.0,170732.0,17036.0,7.665241844769404,9.9782114659232
137,4008.0,3.0,4.0,4.0,294413.0,15.5,76.1,1.0,15.4,0.1724137931034483,80402.0,57493.0,3256.0,4.049650506206313,5.663298140643209
138,4005.0,5.0,5.0,5.0,326400.0,20.7,72.2,1.0,15.5,0.0344827586206896,1740123.0,368789.0,61736.0,3.547795184593273,16.74019561320972
140,4911.0,5.0,5.0,5.0,319737.0,13.3,70.4,1.0,11.1,0.0746268656716417,901402.0,526429.0,103788.0,11.514063647517977,19.71547920042399
142,4188.0,5.0,5.0,5.0,290500.0,21.5,73.5,1.0,18.7,0.0406976744186046,1796949.0,407244.0,56214.0,3.128302472691211,13.803518283878951
143,4182.0,4.0,4.0,5.0,349470.0,12.6,85.4,1.0,17.7,0.0545454545454545,529631.0,323002.0,35812.0,6.761688798427584,11.087237849920434
144,4183.0,4.0,5.0,5.0,320000.0,20.2,69.7,1.0,19.2,0.0566037735849056,1271494.0,387751.0,23919.0,1.8811728564979466,6.168649468344375
145,4078.0,3.0,4.0,4.0,263865.0,9.7,66.7,1.0,15.2,0.0,87587.0,52610.0,4624.0,5.279322273853426,8.789203573465121
146,4968.0,4.0,3.0,3.0,294082.0,15.6,68.3,2.0,17.1,0.0454545454545454,88651.0,50178.0,2232.0,2.517738096580975,4.448164534258042
147,4452.0,5.0,5.0,5.0,300706.0,14.4,69.6,1.0,17.4,0.0463576158940397,1263691.0,787422.0,101644.0,8.043422007436945,12.908453154725166
148,3407.0,5.0,5.0,5.0,337356.0,19.3,75.5,1.0,14.8,0.1074626865671641,2149337.0,771809.0,52484.0,2.4418692834115823,6.800128010945714
149,4912.0,5.0,4.0,5.0,294920.0,9.3,67.6,1.0,17.8,0.0416666666666666,326488.0,206790.0,26956.0,8.256352453995246,13.035446588326321
150,4957.0,3.0,2.0,2.0,302450.0,6.1,72.1,1.0,22.0,0.0,24981.0,19341.0,757.0,3.0303030303030303,3.9139651517501677
151,4917.0,4.0,4.0,4.0,308679.0,8.6,63.9,1.0,16.5,0.0952380952380952,63661.0,54661.0,1344.0,2.1111826707089114,2.4587914600903753
152,4927.0,4.0,5.0,4.0,353000.0,11.9,55.2,1.0,5.0,0.0,185067.0,97848.0,9435.0,5.098153641654104,9.642506745155751
153,7995.0,4.0,4.0,4.0,359434.0,14.4,46.3,1.0,18.0,0.0,43622.0,29212.0,3284.0,7.5283114025033235,11.241955360810625
154,4410.0,4.0,3.0,3.0,333416.0,11.7,66.0,1.0,15.8,0.25,36450.0,24749.0,-81.0,-0.2222222222222222,-0.32728595094751306
155,4925.0,2.0,3.0,3.0,271905.0,2.5,79.5,2.0,7.7,1.0,10273.0,7269.0,-299.0,-2.9105421979947437,-4.113358096024212
156,7988.0,4.0,3.0,4.0,261421.0,24.6,67.1,1.0,15.0,0.1372549019607843,191152.0,115575.0,16629.0,8.699359671884155,14.388059701492537
157,4043.0,5.0,5.0,4.0,344067.0,10.3,75.2,1.0,17.9,0.0714285714285714,354316.0,168828.0,22614.0,6.382438275437745,13.394697562015779
158,4061.0,5.0,4.0,5.0,301209.0,11.1,69.2,1.0,16.5,0.1262135922330097,465179.0,225792.0,15953.0,3.4294325410218427,7.065352182539683
159,4980.0,4.0,5.0,4.0,283214.0,23.3,60.0,1.0,17.0,0.175,111751.0,53497.0,14579.0,13.045968268740324,27.25199543899658
160,4202.0,5.0,5.0,5.0,294600.0,19.3,72.1,1.0,16.5,0.0416666666666666,624190.0,280442.0,28431.0,4.554863102580945,10.137925132469459
161,4633.0,4.0,4.0,3.0,295800.0,11.8,51.9,1.0,18.3,0.1904761904761904,97196.0,58517.0,3382.0,3.4795670603728546,5.779517063417469
162,4922.0,4.0,4.0,5.0,378456.0,13.9,57.2,1.0,16.8,0.0821917808219178,186374.0,152610.0,14656.0,7.863757820296822,9.603564641897648
163,4118.0,5.0,5.0,5.0,286947.0,14.8,66.6,1.0,17.5,0.1984732824427481,490722.0,272728.0,28347.0,5.776590411679117,10.393872283007246
164,7947.0,5.0,5.0,4.0,354186.0,7.9,49.3,1.0,13.6,0.0465116279069767,238616.0,108133.0,13236.0,5.546987628658598,12.240481629104899
165,4088.0,4.0,4.0,3.0,348812.0,14.2,57.0,1.0,13.1,0.0714285714285714,529393.0,208902.0,12950.0,2.446197815233673,6.199078993978038
166,4929.0,3.0,3.0,2.0,290000.0,12.1,54.0,1.0,7.6,0.5,4875.0,4291.0,348.0,7.138461538461538,8.109997669540899
167,4206.0,4.0,5.0,5.0,272294.0,7.0,55.9,1.0,16.1,0.1851851851851851,159860.0,125203.0,11949.0,7.474665332165645,9.543701029528046
168,4985.0,5.0,5.0,5.0,269825.0,10.0,70.4,1.0,14.8,0.0769230769230769,103097.0,61077.0,6309.0,6.119479713279727,10.32958396777838
169,7908.0,3.0,3.0,4.0,237000.0,12.2,84.0,1.0,21.6,0.5,23530.0,18547.0,764.0,3.246918827029324,4.119264571089664
170,4189.0,4.0,4.0,4.0,315833.0,18.8,78.8,1.0,15.9,0.05,115796.0,51298.0,13190.0,11.390721613872673,25.71250341143904
171,4975.0,4.0,4.0,3.0,333000.0,7.6,80.2,1.0,14.5,0.2857142857142857,29560.0,24802.0,6045.0,20.449932341001354,24.373034432707037
172,4631.0,4.0,4.0,4.0,315666.0,9.6,63.1,1.0,19.0,0.0634920634920634,829904.0,319291.0,29811.0,3.5921022190518426,9.336623957455737
173,4401.0,4.0,4.0,4.0,293820.0,12.8,69.7,1.0,15.6,0.0879120879120879,260648.0,181670.0,16626.0,6.378717657530462,9.151758683326912
174,4554.0,3.0,3.0,3.0,274131.0,7.5,64.9,1.0,11.7,0.1176470588235294,71263.0,34508.0,2480.0,3.4800667948304174,7.186739306827403
175,4539.0,3.0,3.0,3.0,308727.0,2.9,43.1,1.0,13.7,0.2962962962962963,35103.0,10977.0,249.0,0.709341081958807,2.2683793386171085
176,4519.0,5.0,5.0,5.0,306087.0,18.2,59.4,1.0,16.9,0.0344827586206896,1394918.0,1066062.0,294713.0,21.127621838703064,27.645015017888262
177,4568.0,5.0,5.0,5.0,355617.0,10.1,77.1,1.0,19.6,0.0378787878787878,1638011.0,929444.0,39273.0,2.3976029465003594,4.225429396499412
178,4578.0,4.0,4.0,4.0,295122.0,6.0,64.2,1.0,17.3,0.0601092896174863,1248088.0,1068749.0,106032.0,8.495554800623033,9.921132089948154
179,4528.0,5.0,5.0,5.0,313920.0,16.6,56.2,1.0,16.3,0.0348837209302325,661885.0,599055.0,94594.0,14.29160654796528,15.790536762066923
180,4534.0,4.0,4.0,4.0,315012.0,8.5,58.3,1.0,17.0,0.0833333333333333,156837.0,126385.0,10441.0,6.6572301178931,8.261265181785813
181,4151.0,5.0,5.0,5.0,315078.0,14.2,70.0,1.0,17.4,0.0363636363636363,794087.0,596507.0,66366.0,8.35752253846241,11.125770527420466
182,4530.0,4.0,3.0,4.0,351198.0,6.8,60.7,1.0,14.1,0.1194029850746268,254330.0,222101.0,7169.0,2.818778752015098,3.2278107707754575
183,4507.0,4.0,4.0,5.0,314126.0,8.5,58.3,1.0,15.7,0.06,730120.0,590179.0,90264.0,12.362899249438449,15.294342902746456
184,4527.0,3.0,4.0,5.0,378305.0,13.6,67.4,1.0,13.2,0.0476190476190476,172621.0,122477.0,13035.0,7.5512249378696685,10.642814569266067
185,4587.0,4.0,4.0,3.0,285714.0,6.3,67.7,1.0,3.5,0.0,26619.0,24977.0,3606.0,13.546714752620309,14.43728229971574
186,4577.0,3.0,3.0,3.0,241506.0,15.6,63.8,2.0,11.0,0.0,59719.0,43413.0,4412.0,7.387933488504496,10.162854444521226
187,4523.0,4.0,5.0,5.0,415300.0,12.5,59.3,1.0,18.9,0.1864406779661017,822250.0,465911.0,6741.0,0.8198236546062634,1.4468428519609968
188,4503.0,4.0,3.0,5.0,324000.0,9.9,70.5,1.0,17.4,0.1652173913043478,1388556.0,872992.0,225095.0,16.210725386660673,25.78431417470034
189,4886.0,3.0,4.0,4.0,346892.0,2.3,68.4,1.0,20.0,0.0,41301.0,40695.0,682.0,1.651291736277572,1.6758815579309496
190,5019.0,4.0,5.0,5.0,361585.0,20.0,69.5,1.0,18.5,0.056,3839630.0,1175997.0,271592.0,7.073389883921107,23.09461673796787
191,5021.0,4.0,4.0,5.0,299059.0,23.4,81.3,1.0,16.8,0.0483870967741935,735318.0,116019.0,15906.0,2.1631457410263315,13.709823390996304
192,5121.0,3.0,4.0,4.0,304477.0,5.3,60.5,1.0,13.0,0.0,29588.0,20868.0,2121.0,7.168446667567934,10.163887291546866
193,5162.0,3.0,3.0,3.0,261166.0,7.9,49.2,1.0,14.8,0.0,8942.0,4050.0,175.0,1.9570565868933125,4.320987654320987
194,5110.0,5.0,5.0,5.0,337807.0,15.4,69.9,1.0,15.9,0.1714285714285714,827581.0,375118.0,31174.0,3.7668820332994595,8.31045164454918
195,5192.0,4.0,3.0,4.0,293400.0,4.2,59.2,1.0,17.7,0.0606060606060606,91481.0,56692.0,5556.0,6.073392289109214,9.80032456078459
196,5101.0,5.0,5.0,5.0,282683.0,20.4,57.0,1.0,16.7,0.125,646873.0,355371.0,39959.0,6.177255813737782,11.24430524719237
197,5108.0,5.0,5.0,5.0,309590.0,12.1,74.0,1.0,14.3,0.1361256544502617,2135579.0,1370816.0,167024.0,7.821017157407898,12.184275643120595
198,5195.0,4.0,4.0,4.0,283614.0,13.9,58.1,1.0,15.9,0.0,69345.0,36115.0,-4712.0,-6.795010454971519,-13.047210300429185
199,5105.0,5.0,4.0,5.0,270553.0,20.0,57.8,1.0,14.3,0.2127659574468085,345005.0,168684.0,22813.0,6.61236793669657,13.524104242251783
200,5202.0,4.0,5.0,4.0,295198.0,9.5,74.1,1.0,21.3,0.2916666666666667,678566.0,310873.0,1633.0,0.2406545568154019,0.5252948953431145
201,5334.0,4.0,5.0,5.0,303123.0,8.0,78.4,1.0,17.7,0.0699300699300699,571975.0,337032.0,56157.0,9.81808645482757,16.662216050701417
202,5214.0,4.0,4.0,4.0,286406.0,17.2,67.9,1.0,23.7,0.1081081081081081,577704.0,423252.0,20447.0,3.5393557946630105,4.83092814682506
203,5210.0,4.0,3.0,3.0,317283.0,5.3,51.3,1.0,20.9,0.2692307692307692,83525.0,30403.0,-14314.0,-17.137384016761448,-47.08088017629839
204,5269.0,3.0,3.0,3.0,313000.0,26.7,56.1,1.0,10.8,0.1666666666666666,58336.0,26152.0,622.0,1.066236972024136,2.37840318140104
205,5333.0,5.0,5.0,5.0,322838.0,21.6,67.5,1.0,14.3,0.0384615384615384,619380.0,341678.0,66820.0,10.788207562401112,19.556424469822463
206,5233.0,5.0,4.0,4.0,319740.0,17.5,74.5,1.0,18.5,0.0760869565217391,625047.0,296616.0,22524.0,3.6035690116103267,7.5936564446961725
207,5232.0,4.0,4.0,3.0,284194.0,9.7,76.3,1.0,18.3,0.0909090909090909,282399.0,160913.0,7145.0,2.5301081094479794,4.440287608832102
208,7943.0,3.0,2.0,2.0,307280.0,13.0,52.9,1.0,17.3,0.0555555555555555,125488.0,73915.0,6129.0,4.884132347316078,8.291956977609416
209,5393.0,4.0,4.0,3.0,291035.0,12.4,63.9,1.0,14.6,0.05,185372.0,104471.0,16347.0,8.818483913428134,15.6474045428875
210,5332.0,5.0,5.0,5.0,327779.0,9.0,89.1,1.0,16.7,0.0780141843971631,424615.0,280704.0,36021.0,8.483214205809968,12.832378590971272
211,5201.0,4.0,4.0,5.0,330163.0,15.9,85.9,1.0,17.9,0.0792682926829268,1363848.0,756360.0,117246.0,8.596705791261195,15.50134856417579
212,5491.0,3.0,3.0,3.0,386949.0,8.7,43.2,2.0,17.2,0.1764705882352941,60752.0,18490.0,1788.0,2.9431129839346855,9.67009194159005
213,5471.0,4.0,3.0,4.0,288596.0,11.1,42.3,2.0,16.4,0.0555555555555555,512132.0,227844.0,21539.0,4.205751642154757,9.453397938940679
214,5632.0,3.0,4.0,3.0,287463.0,5.2,43.5,2.0,20.1,0.7924528301886793,80340.0,32763.0,4796.0,5.969629076425194,14.63846412111223
215,5440.0,3.0,3.0,3.0,301400.0,16.7,64.6,2.0,15.9,0.2105263157894736,181819.0,130243.0,2421.0,1.3315440080519638,1.858833104274318
217,5699.0,3.0,3.0,2.0,254380.0,13.0,54.3,2.0,6.1,1.0,5219.0,3257.0,471.0,9.0247173788082,14.4611605772183
218,5727.0,3.0,3.0,3.0,265894.0,14.0,78.8,1.0,14.6,0.0666666666666666,96510.0,45197.0,3796.0,3.9332711636099886,8.398787530145805
219,5805.0,5.0,4.0,4.0,266273.0,19.0,63.2,1.0,19.0,0.1578947368421052,75624.0,33444.0,1515.0,2.003332275468105,4.529960531036957
220,5802.0,4.0,3.0,4.0,356030.0,13.6,79.0,1.0,19.7,0.0759878419452887,1413289.0,781185.0,52354.0,3.7044086524412205,6.70186959555035
221,5713.0,4.0,4.0,4.0,345179.0,16.2,84.9,1.0,19.5,0.109090909090909,1580324.0,1004316.0,231933.0,14.676294228272177,23.093627901975076
222,5711.0,4.0,4.0,4.0,323000.0,14.2,79.5,1.0,17.6,0.1587301587301587,1573837.0,414016.0,29797.0,1.8932710312440235,7.197064847735353
223,5706.0,5.0,5.0,5.0,318675.0,14.7,70.5,1.0,14.2,0.0892857142857142,447408.0,148958.0,35069.0,7.838259485749026,23.542877858188213
224,5801.0,5.0,5.0,5.0,367141.0,21.2,54.9,1.0,18.8,0.0466666666666666,608376.0,183515.0,-525.0,-0.08629531736952148,-0.28608015693540034
225,5715.0,4.0,4.0,4.0,289147.0,15.2,56.8,1.0,19.1,0.1111111111111111,148144.0,64968.0,2951.0,1.991980775461713,4.542236177810614
226,5851.0,4.0,4.0,4.0,271476.0,12.7,51.0,2.0,18.5,0.1764705882352941,167028.0,71429.0,-3372.0,-2.0188231913212156,-4.720771675369948
227,5803.0,5.0,5.0,5.0,277361.0,16.5,47.0,1.0,16.0,0.1075268817204301,340903.0,86186.0,25351.0,7.436426197481396,29.414290023901795
228,5742.0,3.0,3.0,3.0,218000.0,10.0,70.3,1.0,9.1,0.125,8733.0,4660.0,161.0,1.8435818160998512,3.454935622317597
230,5930.0,4.0,4.0,4.0,269805.0,25.0,61.9,1.0,17.2,0.1666666666666666,128753.0,66359.0,5865.0,4.555233664458304,8.838288702361398
231,5901.0,4.0,5.0,4.0,280769.0,29.8,55.4,1.0,18.3,0.2765957446808511,565962.0,398651.0,22231.0,3.9280022333654907,5.57655693827433
232,5929.0,4.0,5.0,4.0,242068.0,36.5,43.1,1.0,16.0,0.15,232555.0,145516.0,13314.0,5.725097288813399,9.1495093323071
233,5947.0,5.0,4.0,4.0,296680.0,14.7,63.0,1.0,16.8,0.1450381679389313,276512.0,223541.0,15435.0,5.582036222659415,6.904773620946493
234,5991.0,5.0,4.0,4.0,376784.0,17.9,77.7,1.0,17.5,0.1036269430051813,382276.0,188454.0,31052.0,8.122926890518892,16.47723051779214
235,5956.0,3.0,3.0,3.0,335933.0,14.8,68.9,1.0,13.2,0.0714285714285714,19202.0,12065.0,796.0,4.1454015206749295,6.597596353087443
236,5909.0,3.0,3.0,3.0,283215.0,12.8,66.8,1.0,19.1,0.0943396226415094,95895.0,67824.0,788.0,0.8217321028207936,1.1618306204293467
237,5979.0,3.0,3.0,3.0,335000.0,8.0,72.7,1.0,18.0,0.0,15598.0,13497.0,39.0,0.2500320553917169,0.288953100689042
238,5989.0,4.0,4.0,4.0,239000.0,8.3,93.7,1.0,20.3,0.2083333333333333,86677.0,43817.0,2511.0,2.8969622852659875,5.730652486477851
239,3434.0,3.0,3.0,3.0,255988.0,11.9,48.1,1.0,20.0,0.25,34800.0,17084.0,1107.0,3.1810344827586206,6.479747131819245
240,3436.0,4.0,4.0,4.0,291141.0,14.6,84.7,1.0,17.1,0.0847457627118644,679481.0,423148.0,40471.0,5.956163601336903,9.564265930596386
241,5938.0,5.0,5.0,5.0,267419.0,16.5,49.1,1.0,21.3,0.1473087818696883,1151929.0,460230.0,40641.0,3.5280820258887484,8.830584707646178
242,6317.0,3.0,3.0,3.0,252500.0,18.0,59.4,2.0,15.2,0.1276595744680851,70605.0,35207.0,405.0,0.5736137667304015,1.150339421137842
243,6305.0,5.0,4.0,4.0,307100.0,23.0,68.1,1.0,15.5,0.1176470588235294,715436.0,356424.0,67589.0,9.447246154792323,18.963088905348684
244,6471.0,5.0,5.0,5.0,356540.0,6.9,85.2,1.0,15.8,0.1044776119402985,715771.0,291154.0,34379.0,4.8030724910620854,11.807840524258639
245,6247.0,3.0,3.0,3.0,254757.0,7.5,67.2,1.0,14.8,0.1875,62481.0,52733.0,1885.0,3.0169171428114145,3.5746117232093755
246,6360.0,3.0,3.0,3.0,251870.0,21.4,68.0,1.0,19.6,0.1428571428571428,13973.0,5718.0,373.0,2.6694339082516283,6.5232598810772995
248,6373.0,3.0,3.0,4.0,248778.0,12.0,55.6,1.0,13.9,0.027027027027027,47268.0,14967.0,1084.0,2.2933062537022932,7.242600387519209
250,6302.0,5.0,4.0,5.0,320000.0,19.5,73.6,1.0,15.1,0.1006711409395973,576452.0,202976.0,30139.0,5.228362465565216,14.848553523569288
252,6370.0,4.0,4.0,5.0,331117.0,22.7,53.0,1.0,17.5,0.048780487804878,362718.0,242699.0,24289.0,6.696386724673162,10.007869830530822
253,6361.0,5.0,5.0,4.0,296145.0,21.5,70.7,1.0,16.8,0.0695652173913043,494785.0,276266.0,35654.0,7.205958143436038,12.90567786119175
254,6250.0,3.0,3.0,4.0,293822.0,11.9,61.5,1.0,18.2,0.0588235294117647,78326.0,37364.0,4139.0,5.284324489952251,11.077507761481641
255,6586.0,4.0,3.0,3.0,338400.0,22.3,57.8,2.0,17.1,0.1065573770491803,605668.0,436519.0,32916.0,5.434660573119267,7.5405652445827105
256,6312.0,2.0,3.0,3.0,261640.0,11.9,61.0,2.0,11.4,0.5,17366.0,13312.0,779.0,4.485776805251642,5.851862980769231
257,6238.0,3.0,4.0,3.0,298479.0,16.7,77.3,1.0,7.7,0.1851851851851851,28236.0,21472.0,2681.0,9.494970959059357,12.48602831594635
258,6406.0,3.0,3.0,3.0,260000.0,24.8,63.5,2.0,18.1,0.2115384615384615,93428.0,67076.0,8177.0,8.752194203022649,12.190649412606595
259,6420.0,3.0,3.0,3.0,293500.0,23.2,47.3,1.0,11.0,0.3043478260869565,82340.0,60357.0,6882.0,8.358027690065581,11.40215716486903
260,6268.0,5.0,5.0,4.0,355033.0,18.6,75.3,1.0,16.9,0.0704225352112676,311735.0,170303.0,51529.0,16.529744815307872,30.25724737673441
261,6369.0,3.0,3.0,3.0,260000.0,20.3,68.0,1.0,15.5,0.1875,58493.0,34102.0,1898.0,3.24483271502573,5.565655973256701
262,6013.0,3.0,4.0,3.0,286183.0,20.5,45.5,1.0,15.3,0.0,135505.0,73434.0,5508.0,4.064794657023726,7.500612795163003
263,6383.0,5.0,5.0,5.0,261035.0,18.5,71.2,1.0,16.0,0.1309523809523809,330068.0,221919.0,28652.0,8.680635505411006,12.911017082809492
264,6367.0,5.0,5.0,5.0,332400.0,16.1,91.5,1.0,15.7,0.0769230769230769,1814520.0,1018657.0,153800.0,8.476070806604502,15.098310815122264
265,6143.0,3.0,2.0,3.0,265000.0,20.5,58.7,1.0,14.0,0.0333333333333333,94346.0,47084.0,2666.0,2.825768978017086,5.662220711919123
266,6460.0,3.0,4.0,4.0,267972.0,23.1,49.8,1.0,3.7,0.0775193798449612,388517.0,259384.0,9947.0,2.560248328901953,3.8348548869629586
267,7718.0,3.0,4.0,4.0,313267.0,4.5,75.9,1.0,18.8,0.25,56275.0,42319.0,4311.0,7.660595290981787,10.18691367943477
269,6444.0,5.0,4.0,5.0,269636.0,11.4,63.2,1.0,17.1,0.1111111111111111,77383.0,23586.0,19023.0,24.58291872891979,80.65377766471636
270,6287.0,4.0,4.0,4.0,338492.0,14.8,52.9,1.0,12.7,0.2051282051282051,90970.0,46862.0,2144.0,2.3568209299769154,4.575135504246511
271,6301.0,5.0,5.0,5.0,303073.0,16.2,99.0,1.0,15.3,0.0355987055016181,1403535.0,801102.0,78342.0,5.581763190800372,9.779279043118105
272,6457.0,4.0,4.0,4.0,244947.0,16.3,65.6,1.0,20.3,0.0989010989010989,282619.0,189258.0,9855.0,3.487026703795569,5.207177503725074
274,6498.0,3.0,4.0,4.0,268992.0,13.0,63.2,1.0,14.7,0.0392156862745098,110065.0,53584.0,2662.0,2.4185708445009766,4.967900865930129
275,6368.0,3.0,3.0,3.0,295968.0,28.2,51.9,1.0,16.0,0.0344827586206896,102721.0,62361.0,7480.0,7.28186057378725,11.994676159779349
276,6113.0,5.0,4.0,4.0,275694.0,1.4,52.5,1.0,17.6,0.1818181818181818,439038.0,362461.0,18241.0,4.1547656467093965,5.032541432043723
277,6466.0,2.0,3.0,3.0,281899.0,7.7,59.7,1.0,15.3,0.0,13545.0,9049.0,-121.0,-0.8933185677371724,-1.3371643275500056
278,6463.0,3.0,3.0,3.0,247900.0,5.6,56.8,1.0,19.9,0.0,105923.0,78886.0,7487.0,7.068342097561437,9.490910934766625
280,6472.0,5.0,4.0,5.0,273100.0,3.4,86.7,1.0,19.5,0.0666666666666666,614231.0,147279.0,21629.0,3.521313642587235,14.685732521269157
283,6407.0,4.0,4.0,4.0,280869.0,19.2,63.6,1.0,15.9,0.1157024793388429,143420.0,92726.0,9792.0,6.8274996513735875,10.560144943165886
284,6901.0,4.0,4.0,3.0,270461.0,13.3,73.0,1.0,17.8,0.1052631578947368,17884.0,8330.0,193.0,1.0791769179154551,2.3169267707082835
285,6508.0,4.0,4.0,4.0,263964.0,23.6,64.0,1.0,18.9,0.1030927835051546,227591.0,80827.0,7580.0,3.3305359175011318,9.378054363022258
286,6856.0,4.0,3.0,4.0,262540.0,12.3,56.1,1.0,13.6,0.1571428571428571,221751.0,112432.0,1900.0,0.8568168801944523,1.6899103458090223
287,6504.0,5.0,5.0,5.0,290120.0,18.4,72.1,1.0,20.6,0.0890410958904109,757016.0,304074.0,33298.0,4.39858602724381,10.95062386129692
288,6965.0,5.0,4.0,4.0,292361.0,12.2,72.8,2.0,16.1,0.0188679245283018,273093.0,211370.0,31827.0,11.654271621755226,15.057482140322657
289,6779.0,4.0,4.0,3.0,303036.0,15.3,51.3,2.0,16.5,0.1612903225806451,54734.0,15418.0,4859.0,8.877480176855338,31.51511220651187
290,6951.0,3.0,3.0,3.0,306502.0,14.6,58.1,1.0,17.8,0.2758620689655172,159754.0,79009.0,12081.0,7.562251962392177,15.290663089015174
291,6807.0,4.0,4.0,4.0,296500.0,12.3,70.1,2.0,17.5,0.0909090909090909,155138.0,96305.0,9635.0,6.210599595199113,10.00467265458699
292,6849.0,4.0,4.0,4.0,333731.0,15.2,43.3,1.0,14.6,0.0579710144927536,186622.0,139262.0,21295.0,11.410766147613893,15.291321394206603
293,6930.0,4.0,3.0,3.0,291976.0,19.0,71.4,1.0,16.2,0.25,21040.0,17301.0,-1094.0,-5.199619771863118,-6.323333911334606
294,6958.0,4.0,4.0,3.0,364270.0,21.4,52.9,1.0,16.2,0.15,85480.0,40259.0,957.0,1.1195601310248011,2.377108224247994
295,6651.0,4.0,3.0,3.0,255774.0,18.8,70.6,1.0,16.1,0.1454545454545454,104109.0,88182.0,5389.0,5.1763056027817,6.111224512939149
296,3105.0,5.0,5.0,4.0,319850.0,4.2,67.6,1.0,20.0,0.1515151515151515,293733.0,151239.0,21196.0,7.216077185743515,14.014903563234352
297,6588.0,5.0,4.0,5.0,296164.0,18.9,60.6,1.0,18.4,0.1157894736842105,196081.0,83241.0,471.0,0.2402068532902219,0.5658269362453598
298,8035.0,5.0,5.0,5.0,343643.0,34.9,62.5,1.0,17.6,0.0604395604395604,1439595.0,838408.0,358065.0,24.87262042449439,42.707727025505484
299,6706.0,3.0,3.0,3.0,256278.0,22.6,53.8,1.0,15.7,0.0833333333333333,42574.0,35343.0,1032.0,2.4240146568328087,2.919955861132332
301,6981.0,5.0,5.0,5.0,308308.0,15.3,67.1,1.0,14.7,0.0271084337349397,1425313.0,730966.0,184784.0,12.964450615408685,25.279424761206403
302,6844.0,5.0,5.0,5.0,291163.0,6.5,54.5,1.0,17.6,0.1,111353.0,42712.0,4275.0,3.839142187457904,10.008896797153024
303,6967.0,4.0,3.0,3.0,309250.0,14.1,62.6,1.0,21.6,0.0571428571428571,315487.0,199243.0,51764.0,16.407649126588417,25.98033557013295
304,7276.0,4.0,4.0,3.0,265840.0,9.8,75.0,2.0,19.1,0.0681818181818181,475170.0,379455.0,23253.0,4.8936170212765955,6.127999367513935
305,6637.0,3.0,3.0,3.0,292799.0,11.4,74.5,1.0,18.7,0.2272727272727272,26806.0,15499.0,1021.0,3.808848765201821,6.587521775598426
306,6503.0,5.0,4.0,5.0,322500.0,23.5,70.5,1.0,16.6,0.0719424460431654,3065591.0,1490180.0,179389.0,5.851693849570931,12.03807593713511
307,6643.0,3.0,3.0,3.0,274978.0,9.4,43.1,2.0,15.1,0.0,19665.0,12829.0,864.0,4.393592677345538,6.734741601060098
308,6814.0,3.0,3.0,4.0,280691.0,13.6,72.1,1.0,14.8,0.073170731707317,62662.0,28332.0,4585.0,7.317034247231177,16.18311449950586
309,6506.0,4.0,4.0,4.0,296928.0,16.0,75.6,1.0,18.7,0.0579710144927536,270180.0,141364.0,30101.0,11.141091124435562,21.293257123454346
310,6963.0,5.0,5.0,5.0,406807.0,17.1,62.0,1.0,14.7,0.1793103448275862,637391.0,488233.0,53236.0,8.35217315588077,10.90381027091573
311,6479.0,5.0,5.0,5.0,257388.0,2.9,65.6,1.0,16.3,0.1076923076923077,657271.0,253354.0,23224.0,3.533397943922674,9.166620617791708
312,6592.0,4.0,4.0,4.0,288067.0,7.5,73.1,1.0,18.0,0.1428571428571428,179685.0,167273.0,20625.0,11.47842056932966,12.330142939984338
313,6810.0,5.0,4.0,5.0,321539.0,13.8,68.8,1.0,19.2,0.0869565217391304,148864.0,65456.0,-23924.0,-16.07104471195185,-36.54974333903691
314,6745.0,3.0,3.0,3.0,261673.0,21.8,68.8,1.0,14.1,0.1276595744680851,64738.0,36119.0,3230.0,4.989341654051716,8.942661756970017
315,6448.0,5.0,4.0,4.0,345000.0,18.0,73.3,1.0,15.5,0.0131578947368421,519696.0,390321.0,65213.0,12.548297466211016,16.707530468511813
316,6794.0,4.0,4.0,5.0,278042.0,9.6,50.0,1.0,16.0,0.2222222222222222,38973.0,18136.0,-2211.0,-5.6731583403895005,-12.191221879135421
317,6954.0,3.0,4.0,3.0,369260.0,36.3,86.0,2.0,14.2,0.0277777777777777,1307224.0,1150023.0,122064.0,9.337649859549703,10.614048588593446
318,6806.0,4.0,3.0,3.0,316800.0,15.6,56.4,2.0,12.4,0.0454545454545454,146898.0,124969.0,14249.0,9.699927841087012,11.402027702870312
319,6996.0,5.0,3.0,4.0,336800.0,8.4,70.9,1.0,10.1,0.1587301587301587,118347.0,59952.0,6481.0,5.476268937953645,10.810314918601547
320,6715.0,3.0,3.0,3.0,215117.0,16.8,74.4,2.0,18.1,0.4285714285714285,19160.0,15263.0,-89.0,-0.46450939457202506,-0.5831094804429011
321,6616.0,3.0,3.0,3.0,265000.0,21.0,60.0,1.0,11.4,0.1666666666666666,18212.0,12802.0,1605.0,8.812870634746321,12.537103577566006
322,6850.0,4.0,4.0,3.0,259466.0,9.0,55.8,1.0,15.3,0.1363636363636363,23461.0,14667.0,825.0,3.516474148587017,5.624872161996318
323,6768.0,5.0,5.0,5.0,271100.0,8.9,62.5,1.0,17.0,0.25,64273.0,37413.0,-27.0,-0.042008308309865725,-0.07216742843396681
324,6622.0,4.0,3.0,4.0,290431.0,18.8,49.9,1.0,16.8,0.0555555555555555,124039.0,53057.0,8941.0,7.208216770531848,16.85168780745236
325,6724.0,5.0,5.0,5.0,303030.0,13.1,82.4,1.0,19.1,0.0712328767123287,824898.0,401950.0,115569.0,14.010095793661762,28.752083592486628
326,6817.0,3.0,3.0,3.0,398420.0,2.5,71.3,1.0,13.6,0.0,49600.0,25394.0,156.0,0.31451612903225806,0.6143183429156494
327,6740.0,4.0,4.0,4.0,264650.0,14.2,60.8,1.0,19.9,0.2142857142857142,227148.0,18259.0,-16197.0,-7.130593269586349,-88.70693904375925
328,6869.0,4.0,5.0,5.0,269379.0,21.9,58.1,1.0,12.5,0.0344827586206896,283110.0,233495.0,36031.0,12.726855285931263,15.431165549583504
329,6707.0,5.0,3.0,5.0,293280.0,8.4,52.9,1.0,19.3,0.2727272727272727,126080.0,47064.0,-3133.0,-2.4849302030456855,-6.656892741798402
330,4902.0,5.0,5.0,5.0,329725.0,15.7,54.2,1.0,20.3,0.1458333333333333,802673.0,332123.0,14476.0,1.8034741420229656,4.358626171629186
331,7751.0,5.0,4.0,5.0,331000.0,9.4,82.0,1.0,19.7,0.05,2819215.0,1366926.0,227999.0,8.087322180110421,16.67968858592199
332,6952.0,4.0,5.0,5.0,336000.0,16.0,59.1,1.0,18.8,0.2,265257.0,169055.0,19011.0,7.16701161515059,11.245452663334419
333,6513.0,4.0,4.0,4.0,281367.0,5.5,60.9,2.0,17.2,0.1428571428571428,35653.0,18369.0,2457.0,6.891425686477996,13.375796178343949
334,6645.0,5.0,5.0,5.0,285873.0,12.2,63.6,1.0,19.3,0.1485148514851485,606482.0,277159.0,23250.0,3.833584508691107,8.388686638355601
335,6914.0,3.0,4.0,4.0,297000.0,14.8,52.0,1.0,15.5,0.0,35632.0,23647.0,391.0,1.0973282442748091,1.6534867002156721
336,6859.0,5.0,4.0,4.0,314887.0,8.0,65.8,1.0,19.1,0.0,47035.0,37952.0,1563.0,3.323057297756989,4.118360033726813
337,6925.0,4.0,4.0,4.0,324500.0,10.4,68.5,1.0,19.5,0.0,165251.0,128910.0,7546.0,4.566386890245747,5.853696377317508
338,6754.0,5.0,5.0,5.0,279910.0,11.8,70.4,2.0,20.7,0.074074074074074,141413.0,104110.0,18604.0,13.155791900320338,17.869561041206417
339,6770.0,4.0,4.0,4.0,295875.0,9.6,61.4,1.0,19.7,0.0611353711790393,397814.0,169470.0,14704.0,3.6961997315328268,8.676461910662654
340,6728.0,5.0,4.0,4.0,278750.0,16.6,64.3,1.0,16.9,0.0571428571428571,230448.0,126352.0,18656.0,8.09553565229466,14.76510067114094
341,6857.0,5.0,5.0,4.0,353083.0,19.6,68.7,1.0,21.2,0.0,459809.0,262234.0,70814.0,15.400742482204569,27.004126085862246
342,6845.0,5.0,5.0,5.0,310000.0,20.2,74.0,1.0,20.1,0.0679611650485436,216386.0,166825.0,18824.0,8.699268899096985,11.283680503521655
343,6762.0,5.0,5.0,4.0,306304.0,16.7,53.6,1.0,18.3,0.0451977401129943,1239402.0,396661.0,105525.0,8.514186680350685,26.603321223916645
344,7735.0,5.0,5.0,5.0,301000.0,19.8,78.9,1.0,18.4,0.0151515151515151,283784.0,134251.0,16891.0,5.952062131762186,12.581656747435774
346,6701.0,5.0,5.0,5.0,298985.0,19.9,55.8,1.0,18.9,0.0925925925925925,2321679.0,976260.0,82200.0,3.540541134239488,8.419888144551656
347,6632.0,5.0,5.0,4.0,282831.0,11.1,43.6,1.0,23.7,0.073170731707317,221466.0,76304.0,1369.0,0.618153576621242,1.7941392325435104
348,6652.0,5.0,4.0,5.0,387359.0,1.6,81.6,1.0,17.3,0.1851851851851851,65431.0,31157.0,6347.0,9.700294967217374,20.37102416792374
349,6866.0,3.0,3.0,3.0,305700.0,8.0,60.0,1.0,19.3,0.05,38069.0,31645.0,6424.0,16.874622396175365,20.300205403697266
350,6737.0,4.0,4.0,3.0,275500.0,11.6,73.9,1.0,16.1,0.0689655172413793,134575.0,101307.0,4904.0,3.644064647965818,4.840731637497902
351,6633.0,2.0,2.0,2.0,335855.0,11.6,54.8,1.0,16.4,0.25,4843.0,2539.0,211.0,4.356803634111088,8.31035840882237
352,7282.0,5.0,5.0,5.0,265505.0,7.9,79.5,1.0,18.0,0.065359477124183,493416.0,287178.0,20690.0,4.193216271867957,7.2045908809170625
353,7220.0,5.0,4.0,4.0,349104.0,15.3,56.3,1.0,15.5,0.1470588235294117,114383.0,41307.0,4130.0,3.6106764117045365,9.998305371970853
354,7205.0,5.0,5.0,5.0,294112.0,11.5,84.5,1.0,16.4,0.2217659137577002,780850.0,309968.0,-88599.0,-11.34648139847602,-28.58327311206318
355,7235.0,4.0,3.0,3.0,257509.0,14.0,50.2,1.0,15.9,0.1428571428571428,20620.0,14221.0,-498.0,-2.4151309408341417,-3.5018634413894945
356,6995.0,5.0,5.0,5.0,301500.0,11.7,87.9,1.0,18.8,0.0807453416149068,282725.0,179476.0,5067.0,1.7922009019365106,2.823218703336379
357,7245.0,4.0,4.0,4.0,247255.0,12.8,82.6,1.0,15.3,0.0638297872340425,109208.0,51482.0,-197.0,-0.18038971503919127,-0.3826580163940795
358,7250.0,4.0,4.0,3.0,248000.0,20.9,55.6,1.0,13.8,0.1875,183475.0,90703.0,8268.0,4.5063360130808015,9.115464758607764
360,7224.0,4.0,3.0,4.0,259000.0,25.9,62.1,1.0,14.3,0.1809523809523809,158668.0,49787.0,2507.0,1.5800287392542922,5.035451021350955
361,7238.0,3.0,4.0,4.0,275024.0,10.0,87.0,1.0,19.3,0.2647058823529412,88863.0,25949.0,824.0,0.9272700674071324,3.1754595552815137
363,7226.0,4.0,4.0,4.0,242721.0,29.5,61.8,1.0,14.9,0.1891891891891892,112183.0,90133.0,12592.0,11.224517083693609,13.970465867107496
364,7271.0,3.0,3.0,3.0,307254.0,21.6,57.0,1.0,17.4,0.1111111111111111,25942.0,5709.0,-905.0,-3.488551383856295,-15.852163251007182
365,5949.0,4.0,4.0,4.0,278030.0,18.3,73.6,1.0,17.7,0.144927536231884,130041.0,44923.0,-5767.0,-4.434755192593105,-12.83752198205819
366,7272.0,5.0,5.0,5.0,286932.0,9.9,84.2,1.0,17.7,0.0381679389312977,847681.0,501054.0,103171.0,12.170969975733795,20.590794604972718
367,7261.0,5.0,5.0,5.0,292270.0,14.9,86.3,1.0,17.4,0.0676100628930817,2327779.0,1061778.0,84529.0,3.631315515777056,7.96108037650055
368,7241.0,4.0,3.0,3.0,356444.0,20.1,87.1,2.0,15.3,0.0964912280701754,174152.0,58039.0,5730.0,3.290229225044788,9.872671824118266
371,7203.0,5.0,5.0,5.0,327300.0,19.8,87.9,1.0,18.2,0.0592515592515592,20991040.0,14607272.0,1693947.0,8.069857424882237,11.596600652058783
372,6902.0,5.0,4.0,5.0,326118.0,14.8,96.6,1.0,22.1,0.0516717325227963,4583941.0,2515249.0,201389.0,4.393359338612779,8.006722197285438
373,7236.0,5.0,4.0,4.0,275940.0,13.1,61.5,1.0,17.0,0.1724137931034483,58587.0,31854.0,3901.0,6.658473722839537,12.246499654674452
374,7313.0,4.0,5.0,4.0,304155.0,11.3,96.6,1.0,17.1,0.04,163334.0,146171.0,20475.0,12.535663119742368,14.0075664803552
375,7239.0,4.0,4.0,4.0,260191.0,11.0,67.6,1.0,13.4,0.1923076923076923,92307.0,47186.0,-2852.0,-3.0896898393404615,-6.044165642351545
376,7408.0,3.0,4.0,4.0,268543.0,13.5,67.3,1.0,17.6,0.1666666666666666,85835.0,10590.0,-5413.0,-6.306285314848255,-51.11425873465534
377,7212.0,4.0,3.0,3.0,253724.0,5.9,92.1,1.0,16.7,0.12,56434.0,26652.0,3496.0,6.194847078002622,13.117214467957378
378,7278.0,4.0,4.0,4.0,275000.0,10.6,72.9,1.0,14.6,0.3113207547169811,176101.0,119460.0,9399.0,5.337278039306988,7.867905575087895
379,7202.0,5.0,4.0,5.0,374117.0,21.4,80.4,1.0,19.0,0.0721153846153846,1444294.0,751628.0,88928.0,6.157195141709375,11.831384674333579
380,7259.0,5.0,5.0,5.0,301763.0,22.2,98.0,1.0,15.8,0.1184593023255814,2625196.0,997020.0,335465.0,12.77866490730597,33.646767366752925
381,7240.0,5.0,4.0,4.0,278300.0,9.8,72.4,2.0,17.8,0.0544217687074829,418507.0,265416.0,22433.0,5.360244870456169,8.452014950116045
382,7242.0,4.0,5.0,4.0,269814.0,15.8,62.8,2.0,16.1,0.1442307692307692,248252.0,86299.0,18357.0,7.3945023605046485,21.271393643031786
383,7734.0,3.0,3.0,3.0,299830.0,18.1,66.6,1.0,15.9,0.2,62110.0,49198.0,5725.0,9.217517308001932,11.636651896418554
384,7701.0,5.0,5.0,5.0,314525.0,2.2,70.8,1.0,18.2,0.0338983050847457,368433.0,239413.0,36065.0,9.788753993263361,15.063927188582074
385,7715.0,3.0,3.0,3.0,226954.0,3.4,59.7,1.0,18.1,0.03125,36478.0,23653.0,2090.0,5.729480782937661,8.836088445440325
387,7780.0,3.0,3.0,3.0,247400.0,4.4,63.2,1.0,12.9,0.173076923076923,110775.0,56986.0,2660.0,2.4012638230647707,4.667813147088759
388,7730.0,3.0,3.0,3.0,302964.0,4.3,75.1,1.0,15.8,0.1818181818181818,41289.0,37533.0,5502.0,13.325583085083196,14.659099992007032
389,7731.0,5.0,5.0,5.0,312937.0,21.6,63.0,1.0,16.5,0.0363636363636363,721322.0,360202.0,29332.0,4.066422485381009,8.143208532989823
390,7732.0,4.0,3.0,4.0,344000.0,13.1,56.7,1.0,16.3,0.28,119874.0,58147.0,7551.0,6.299114069773262,12.986052590847336
391,4543.0,4.0,5.0,4.0,357142.0,16.1,59.9,1.0,17.2,0.0561224489795918,1282718.0,764705.0,62791.0,4.895152324984915,8.211140243623358
392,7740.0,5.0,4.0,4.0,278036.0,11.2,72.0,1.0,16.4,0.1,50662.0,37909.0,6298.0,12.43140815601437,16.613469097048196
393,7774.0,3.0,3.0,3.0,270250.0,13.0,59.0,1.0,8.4,0.0,7598.0,6666.0,-497.0,-6.541195051329297,-7.455745574557455
394,7762.0,4.0,4.0,5.0,289550.0,6.3,64.4,1.0,17.8,0.0526315789473684,226208.0,121190.0,5675.0,2.508753006082897,4.682729598151663
395,7733.0,5.0,5.0,5.0,330759.0,6.6,57.2,1.0,15.0,0.0716612377850162,900917.0,356833.0,84844.0,9.41751570899428,23.776948880849027
396,7727.0,3.0,3.0,3.0,241033.0,8.9,55.4,2.0,16.6,0.0714285714285714,18429.0,11327.0,259.0,1.4053936730153562,2.286571907830847
397,7811.0,3.0,3.0,3.0,270000.0,12.2,49.7,1.0,12.2,0.3,28389.0,12874.0,1186.0,4.1776744513720105,9.21236600901041
398,7875.0,3.0,4.0,3.0,248700.0,20.3,54.0,1.0,16.9,0.1111111111111111,17681.0,11186.0,688.0,3.8911826254171147,6.150545324512784
399,7914.0,4.0,5.0,4.0,257031.0,26.0,57.8,1.0,16.6,0.2463768115942029,122165.0,53515.0,1092.0,0.8938730405598986,2.0405493786788753
400,7953.0,2.0,2.0,2.0,283632.0,6.0,59.1,1.0,13.5,0.3043478260869565,15395.0,8691.0,-489.0,-3.176355959727184,-5.626510182947877
401,7966.0,5.0,4.0,4.0,297100.0,6.0,61.8,1.0,19.1,0.1447368421052631,259122.0,183607.0,17411.0,6.7192287802656665,9.48275392550393
402,7951.0,5.0,5.0,5.0,290900.0,16.5,71.4,2.0,19.4,0.0491803278688524,374674.0,277307.0,67936.0,18.132029444263548,24.49848002394458
403,8022.0,4.0,4.0,4.0,286074.0,4.4,43.6,1.0,19.9,0.0714285714285714,131137.0,83920.0,3759.0,2.866467892356848,4.479265967588179
404,7956.0,4.0,4.0,4.0,275444.0,6.7,63.6,1.0,15.0,0.0,46736.0,35767.0,9430.0,20.177165354330707,26.365085134341708
405,7932.0,3.0,3.0,3.0,239432.0,1.8,89.6,1.0,16.4,0.0666666666666666,58717.0,29382.0,996.0,1.6962719484987312,3.389830508474576
406,7883.0,4.0,4.0,4.0,236300.0,14.0,46.4,1.0,20.6,0.2857142857142857,18572.0,10277.0,192.0,1.0338143441740255,1.8682494891505304
407,7955.0,4.0,4.0,4.0,259210.0,13.8,53.2,1.0,15.8,0.2741935483870967,81653.0,52377.0,2872.0,3.5173233071656886,5.483322832541001
408,7994.0,5.0,4.0,5.0,270205.0,18.3,59.2,1.0,16.8,0.1061946902654867,221613.0,133337.0,15116.0,6.820899495968197,11.33668824107337
409,7972.0,5.0,4.0,4.0,310836.0,20.3,48.4,1.0,15.3,0.1341463414634146,75412.0,36377.0,544.0,0.7213706041478809,1.495450421969926
410,7936.0,5.0,5.0,5.0,322182.0,13.5,57.1,1.0,13.1,0.0967741935483871,153066.0,42095.0,7020.0,4.586256908784446,16.67656491269747
411,7823.0,2.0,3.0,3.0,271100.0,10.7,39.8,1.0,10.7,0.3636363636363636,45008.0,23928.0,800.0,1.7774617845716316,3.343363423604146
413,9506.0,5.0,4.0,5.0,334100.0,24.2,75.4,1.0,19.6,0.0481099656357388,3928926.0,531883.0,-111883.0,-2.8476738935780412,-21.03526527450586
414,9532.0,5.0,5.0,5.0,319000.0,16.5,87.1,1.0,17.6,0.0714285714285714,1782061.0,871459.0,58940.0,3.307406424359211,6.763370393787889
415,9551.0,4.0,4.0,4.0,277626.0,20.1,71.3,1.0,17.7,0.0,106511.0,51656.0,4801.0,4.5075156556599785,9.294176862319963
416,9005.0,5.0,4.0,5.0,359800.0,17.3,73.0,1.0,15.5,0.1204188481675392,1916245.0,528530.0,20471.0,1.0682871970964047,3.873195466671712
417,9021.0,4.0,5.0,5.0,306869.0,9.1,86.5,1.0,16.5,0.066465256797583,3190533.0,688478.0,-121605.0,-3.8114321337532,-17.662873759219615
418,9065.0,3.0,3.0,3.0,276744.0,25.7,64.0,1.0,14.1,0.3357271095152603,363208.0,160399.0,17352.0,4.777427809960133,10.818022556250352
419,9142.0,3.0,4.0,4.0,261979.0,11.1,77.0,2.0,14.1,0.1476190476190476,805512.0,329993.0,8950.0,1.11109455849199,2.7121787431854614
420,9045.0,3.0,3.0,3.0,334038.0,21.1,61.4,1.0,19.7,0.125,568593.0,165957.0,8462.0,1.48823499409947,5.098911163735184
421,9090.0,2.0,3.0,3.0,346328.0,53.0,67.0,1.0,8.7,0.5116279069767442,69889.0,22249.0,5303.0,7.587746283392237,23.83477909119511
422,9068.0,3.0,3.0,3.0,263000.0,33.9,44.7,1.0,16.4,0.0789473684210526,137203.0,93362.0,7728.0,5.632529900949688,8.277457638011182
423,9064.0,4.0,5.0,4.0,364169.0,25.1,89.5,1.0,14.6,0.2859195402298851,403163.0,310596.0,47168.0,11.699486311987956,15.186287009491428
424,9069.0,4.0,4.0,4.0,413400.0,31.9,57.4,1.0,15.8,0.2335766423357664,277316.0,72237.0,5948.0,2.1448455913109954,8.23400750308014
425,9143.0,4.0,4.0,4.0,337373.0,20.5,58.1,1.0,9.6,0.4848484848484848,615426.0,339359.0,27797.0,4.5167087513364725,8.19103073736073
426,9119.0,4.0,4.0,3.0,325700.0,25.4,39.4,1.0,13.3,0.0,173975.0,75766.0,10328.0,5.9364851271734445,13.631444183406805
427,9101.0,5.0,5.0,5.0,412300.0,20.7,61.9,1.0,14.1,0.0625,1592888.0,678184.0,488220.0,30.649989202002903,71.98931263491913
428,9107.0,5.0,5.0,4.0,345900.0,30.0,50.7,1.0,14.4,0.0,724090.0,272843.0,225959.0,31.20592743995912,82.81649153542513
429,9104.0,5.0,5.0,5.0,505850.0,43.8,37.0,1.0,14.1,0.0769230769230769,1231491.0,418958.0,270004.0,21.924967376943883,64.4465555019835
430,9233.0,4.0,4.0,4.0,377162.0,26.4,43.2,1.0,14.1,0.2068965517241379,29358.0,15538.0,1388.0,4.72784249608284,8.932938602136698
431,9202.0,5.0,5.0,5.0,300000.0,3.9,46.5,1.0,12.5,0.1229946524064171,3157277.0,1256913.0,26940.0,0.8532669132293429,2.1433464368655586
432,9304.0,3.0,3.0,3.0,252042.0,36.0,46.8,1.0,18.2,0.0,97528.0,48189.0,3008.0,3.084242473956197,6.242088443420698
433,9066.0,4.0,4.0,4.0,270660.0,27.1,50.0,1.0,13.3,0.22,98807.0,43368.0,2670.0,2.7022376957098184,6.15661317100166
434,9384.0,3.0,3.0,3.0,276960.0,10.2,43.0,1.0,11.0,0.0,9650.0,7380.0,1787.0,18.51813471502591,24.21409214092141
435,9301.0,3.0,4.0,3.0,339600.0,26.7,52.4,1.0,15.7,0.0425531914893617,505990.0,317611.0,17646.0,3.4874207000138346,5.5558529144141735
436,9302.0,3.0,4.0,3.0,266601.0,21.7,55.9,1.0,14.7,0.1904761904761904,180406.0,44230.0,5644.0,3.1284990521379554,12.760569749039114
437,4307.0,5.0,4.0,4.0,370000.0,33.5,64.1,1.0,14.7,0.0761904761904762,649381.0,306299.0,68246.0,10.50939279098095,22.280843228348772
438,9749.0,4.0,4.0,5.0,270831.0,23.3,67.5,1.0,9.8,0.24375,182506.0,111898.0,9433.0,5.168597196804488,8.42999874886057
439,9432.0,5.0,5.0,5.0,306410.0,18.0,82.9,1.0,18.3,0.0895522388059701,11664291.0,5012166.0,470502.0,4.033695661399394,9.387199067229616
440,8056.0,5.0,5.0,5.0,308624.0,14.8,70.9,1.0,21.0,0.0714285714285714,201024.0,131349.0,20665.0,10.279867080547596,15.732894806964651
441,2327.0,3.0,4.0,3.0,310000.0,11.4,68.5,1.0,12.7,0.0694444444444444,286431.0,169124.0,18079.0,6.31181680753829,10.689789740072372
442,4430.0,2.0,3.0,2.0,299595.0,16.5,81.3,2.0,11.2,0.075,7811.0,4082.0,442.0,5.658686467801818,10.828025477707007
443,8157.0,3.0,3.0,3.0,314000.0,27.2,80.5,1.0,19.7,0.0892857142857142,54523.0,20030.0,2281.0,4.18355556370706,11.387918122815776
444,4768.0,3.0,4.0,3.0,297300.0,15.2,58.9,1.0,17.2,0.2297297297297297,443127.0,268128.0,36087.0,8.143715007210123,13.458870390261367
445,9470.0,3.0,4.0,3.0,284517.0,21.9,58.0,1.0,20.7,0.0869565217391304,78550.0,36774.0,60.0,0.07638446849140675,0.16315875346712352
446,3857.0,3.0,3.0,3.0,426643.0,12.4,54.8,1.0,10.8,0.1323529411764706,25610.0,16264.0,1380.0,5.388520109332292,8.484997540580423
447,9441.0,3.0,3.0,3.0,285921.0,24.2,44.3,1.0,5.3,0.2840909090909091,41945.0,27713.0,3146.0,7.5002980092978895,11.352073034316025
448,4728.0,3.0,3.0,3.0,323977.0,20.6,62.9,1.0,8.1,0.1481481481481481,6867.0,5827.0,236.0,3.4367263725061887,4.050111549682513
449,3762.0,3.0,3.0,2.0,319375.0,20.1,45.1,1.0,8.2,0.0625,36999.0,12478.0,1739.0,4.7001270304602825,13.936528289790031
450,3738.0,3.0,3.0,4.0,275500.0,18.4,69.9,1.0,10.5,0.3364485981308411,170068.0,64688.0,9590.0,5.638920902227344,14.825006183527083
451,9434.0,4.0,5.0,5.0,310699.0,27.2,61.8,1.0,12.7,0.215,5155971.0,856104.0,364219.0,7.064023440007712,42.54377972769664
452,3826.0,3.0,3.0,3.0,285348.0,20.7,65.2,1.0,6.7,0.2857142857142857,3580.0,2714.0,391.0,10.921787709497206,14.40677966101695
453,2317.0,3.0,3.0,3.0,315175.0,13.5,62.1,1.0,6.8,0.2716763005780346,39797.0,27684.0,5566.0,13.985978842626329,20.105476087270628
454,9692.0,3.0,4.0,4.0,272000.0,17.1,70.5,1.0,16.6,0.1818181818181818,36780.0,29531.0,2583.0,7.022838499184339,8.746740713148894
455,3744.0,3.0,3.0,3.0,370278.0,17.5,58.2,1.0,1.7,0.25,2903.0,1867.0,310.0,10.678608336203926,16.604177825388327
456,2307.0,2.0,3.0,3.0,285667.0,22.2,66.1,1.0,12.1,0.1428571428571428,6109.0,3943.0,640.0,10.476346374201997,16.231295967537406
457,2332.0,3.0,3.0,3.0,245000.0,18.3,56.8,1.0,12.4,0.2368421052631578,7700.0,5666.0,690.0,8.96103896103896,12.177903282739146
458,3799.0,4.0,4.0,4.0,269460.0,22.1,58.0,1.0,17.6,0.2580645161290322,8090.0,4120.0,165.0,2.03955500618047,4.0048543689320395
459,3987.0,2.0,2.0,2.0,319000.0,1.1,69.2,1.0,3.5,0.0,1768.0,1088.0,25.0,1.414027149321267,2.297794117647059
460,7860.0,3.0,3.0,3.0,387741.0,20.0,53.7,1.0,12.8,0.05,70033.0,45759.0,-1920.0,-2.741564690931418,-4.195895889333246
461,4825.0,3.0,4.0,3.0,410900.0,12.0,42.1,1.0,10.0,0.2307692307692307,18117.0,16095.0,2339.0,12.910526025280122,14.532463497980737
462,4769.0,3.0,2.0,2.0,325845.0,18.0,82.8,1.0,13.4,0.1142857142857142,7557.0,5569.0,546.0,7.2250893211591904,9.804273657748249
463,4326.0,3.0,4.0,3.0,307157.0,21.4,47.3,1.0,16.7,0.1034482758620689,22701.0,17476.0,1722.0,7.585568917668825,9.853513389791715
464,9600.0,3.0,3.0,3.0,249822.0,11.6,61.2,1.0,16.7,0.2727272727272727,31481.0,15332.0,1421.0,4.513833740986627,9.268197234542134
465,3660.0,1.0,3.0,3.0,360420.0,13.4,55.6,1.0,3.9,0.4736842105263157,19988.0,6115.0,517.0,2.586551931158695,8.454619787408014
466,9753.0,3.0,3.0,3.0,413589.0,12.5,71.2,1.0,14.1,0.2337662337662337,11209.0,6266.0,848.0,7.565349272905701,13.533354612192786
467,9702.0,3.0,3.0,3.0,277609.0,20.2,63.5,1.0,12.9,0.3478260869565217,11075.0,8896.0,989.0,8.930022573363432,11.117356115107913
468,4689.0,4.0,5.0,5.0,376433.0,19.0,60.9,1.0,6.5,0.1923076923076923,3547698.0,2322499.0,55758.0,1.5716670359201939,2.4007760606140196
469,3626.0,4.0,5.0,5.0,310166.0,17.9,66.7,1.0,14.7,0.1455399061032863,396315.0,242920.0,33563.0,8.468768530083393,13.81648279268895
470,9719.0,4.0,4.0,5.0,412208.0,20.6,88.7,1.0,18.4,0.0257510729613733,373358.0,234615.0,29195.0,7.819572635379449,12.443790891460479
471,3839.0,3.0,3.0,2.0,257000.0,20.0,55.0,1.0,13.6,0.0,7949.0,5771.0,204.0,2.5663605484966663,3.534915959105874
472,9613.0,4.0,5.0,5.0,283460.0,25.4,80.5,1.0,14.8,0.0430622009569378,2354049.0,1164220.0,152051.0,6.459126381821278,13.06033223961107
473,9739.0,3.0,3.0,3.0,277333.0,19.5,60.0,1.0,14.4,0.2564102564102564,35757.0,25980.0,3380.0,9.452694577285566,13.010007698229407
474,1973.0,5.0,5.0,5.0,292965.0,22.3,60.0,1.0,16.8,0.1752577319587628,220703.0,127197.0,15804.0,7.160754498126441,12.424821340125947
475,9433.0,5.0,5.0,5.0,311826.0,19.5,73.9,1.0,17.6,0.0418118466898954,5966580.0,4113639.0,561015.0,9.40262260792615,13.637924961329858
476,4832.0,3.0,3.0,3.0,277017.0,22.2,64.5,2.0,19.0,0.1,38385.0,21822.0,3540.0,9.222352481438062,16.222161121803687
477,9889.0,3.0,4.0,4.0,325700.0,12.5,56.2,1.0,17.7,0.396551724137931,25256.0,11861.0,1436.0,5.685777636997149,12.106904982716465
478,4709.0,3.0,4.0,4.0,258431.0,10.1,83.5,1.0,14.9,0.391304347826087,11074.0,8410.0,1070.0,9.662271988441393,12.72294887039239
480,9682.0,4.0,3.0,3.0,273041.0,21.8,68.9,1.0,14.6,0.1603053435114503,68055.0,57306.0,6594.0,9.689221952832268,11.506648518479741
482,8015.0,5.0,5.0,5.0,355172.0,18.0,52.9,1.0,16.7,0.1285714285714285,2679390.0,894342.0,196642.0,7.339058517050523,21.987338177117927
483,8084.0,4.0,3.0,3.0,261750.0,12.9,62.6,1.0,17.5,0.2,129610.0,65745.0,4271.0,3.2952704266646093,6.496311506578448
484,3153.0,4.0,5.0,4.0,313194.0,15.5,65.8,1.0,18.0,0.4074074074074074,37920.0,18850.0,1192.0,3.143459915611815,6.323607427055703
485,7433.0,4.0,3.0,4.0,371130.0,6.8,61.6,1.0,13.8,0.0769230769230769,109818.0,48078.0,4154.0,3.7826221566591998,8.64012646116727
486,8032.0,3.0,4.0,3.0,361154.0,25.0,67.7,1.0,18.8,0.1111111111111111,230783.0,71487.0,2369.0,1.0265054185100289,3.3138892386028225
487,9902.0,3.0,3.0,3.0,269811.0,6.3,57.3,1.0,12.5,0.2419354838709677,118658.0,82301.0,4020.0,3.38788787945187,4.884509301223558
488,2760.0,3.0,3.0,3.0,308973.0,15.0,57.6,1.0,13.4,0.2272727272727272,93693.0,25037.0,3185.0,3.399400168635864,12.721172664456603
489,9960.0,3.0,3.0,3.0,309827.0,21.4,53.0,1.0,11.7,0.1111111111111111,70609.0,32901.0,3776.0,5.347760200541007,11.476854806844777
490,8012.0,4.0,4.0,4.0,455278.0,17.2,54.2,1.0,14.8,0.0789473684210526,485028.0,204850.0,12981.0,2.67634033499097,6.336831828166951
491,8145.0,2.0,2.0,3.0,271500.0,22.0,32.9,1.0,21.8,0.5,14549.0,12208.0,316.0,2.171970582170596,2.5884665792922674
492,7458.0,3.0,4.0,3.0,288494.0,11.0,49.5,1.0,11.4,0.2558139534883721,140877.0,54779.0,3139.0,2.22818487048986,5.73029810693879
493,2768.0,5.0,5.0,4.0,438600.0,20.6,64.4,1.0,15.4,0.0583333333333333,1683267.0,460636.0,50389.0,2.9935239032191565,10.939006069868617
494,3004.0,3.0,3.0,3.0,304138.0,4.2,49.7,1.0,14.1,0.2222222222222222,24231.0,3559.0,725.0,2.9920349964920967,20.370890699634728
495,8053.0,5.0,5.0,5.0,502000.0,12.8,64.8,1.0,18.1,0.0185185185185185,4702441.0,1204967.0,287902.0,6.122394730736653,23.892936487057323
496,8051.0,4.0,4.0,4.0,397055.0,22.6,57.6,1.0,13.5,0.2474226804123711,243376.0,90721.0,10740.0,4.412924857011373,11.838493843762746
497,8058.0,5.0,5.0,4.0,475570.0,27.2,54.8,1.0,18.4,0.0467836257309941,8326745.0,2969320.0,402624.0,4.835310796715884,13.559468161060446
498,8031.0,5.0,5.0,5.0,479824.0,6.4,60.0,1.0,18.2,0.0379746835443038,7481222.0,2189802.0,339049.0,4.532000253434532,15.483089338670803
499,8078.0,4.0,3.0,3.0,355068.0,23.8,60.2,1.0,12.5,0.18,1587268.0,200821.0,30788.0,1.9396850437355253,15.331065974176008
500,8020.0,3.0,4.0,4.0,408382.0,18.1,62.4,1.0,13.8,0.0681818181818181,311255.0,102646.0,8582.0,2.757224783537614,8.360773922023263
501,8088.0,4.0,3.0,4.0,367500.0,7.8,54.6,1.0,15.5,0.078125,386759.0,191701.0,25207.0,6.517495391186761,13.149122852775937
502,7537.0,3.0,4.0,4.0,317300.0,19.4,57.8,1.0,15.5,0.16,117464.0,30553.0,3277.0,2.789790914663216,10.72562432494354
503,9869.0,3.0,3.0,3.0,301248.0,14.6,57.8,2.0,15.4,0.175,331526.0,126405.0,10417.0,3.142136664997617,8.240971480558521
505,7485.0,4.0,4.0,5.0,393545.0,13.0,47.7,1.0,12.8,0.1034482758620689,444333.0,202737.0,13069.0,2.9412625215772854,6.446282622313639
506,7443.0,3.0,2.0,2.0,258330.0,21.5,39.2,1.0,22.3,1.0,4625.0,2129.0,11.0,0.23783783783783785,0.5166744950681071
507,8098.0,3.0,4.0,3.0,365485.0,14.2,48.7,1.0,13.6,0.1111111111111111,209179.0,100161.0,12866.0,6.1507130256861355,12.845319036351475
508,8001.0,5.0,5.0,5.0,450000.0,11.6,52.6,1.0,17.9,0.0364963503649635,3659443.0,1186810.0,450423.0,12.308512524993558,37.952410242583056
509,8133.0,4.0,4.0,4.0,349926.0,9.6,83.0,1.0,13.5,0.0416666666666666,260250.0,92915.0,5071.0,1.9485110470701248,5.457676370876607
510,8074.0,3.0,3.0,4.0,378000.0,15.7,52.1,1.0,12.3,0.1076923076923077,226864.0,74685.0,6504.0,2.866915861485295,8.708576019280981
511,9837.0,3.0,3.0,3.0,284490.0,6.7,50.6,1.0,10.6,0.0909090909090909,35248.0,30985.0,34.0,0.0964593735814798,0.10973051476520898
512,8153.0,4.0,5.0,4.0,266273.0,14.4,56.4,1.0,16.7,0.3333333333333333,56552.0,41680.0,2375.0,4.199674635733484,5.698176583493282
514,8228.0,3.0,3.0,3.0,265141.0,26.1,48.1,1.0,16.2,0.2,44548.0,20394.0,4.0,0.008979078746520607,0.019613611846621557
515,8275.0,3.0,3.0,3.0,530148.0,3.8,63.9,1.0,10.4,0.48,21938.0,15081.0,1364.0,6.217522107758228,9.044493070751276
516,7552.0,3.0,3.0,3.0,350138.0,13.3,59.3,2.0,14.3,0.1666666666666666,61318.0,32910.0,1890.0,3.082292312208487,5.742935278030994
517,8085.0,3.0,3.0,3.0,268000.0,4.4,60.7,1.0,16.1,0.25,35376.0,14540.0,1209.0,3.4175712347354135,8.314993122420908
518,9830.0,4.0,4.0,4.0,282631.0,11.3,67.6,1.0,13.6,0.2457627118644068,223316.0,143116.0,11628.0,5.2069712873237926,8.124877721568517
519,8142.0,3.0,4.0,4.0,244970.0,3.6,48.9,1.0,16.5,0.296875,69480.0,20397.0,593.0,0.853483016695452,2.90729028778742
521,8043.0,3.0,3.0,3.0,399618.0,28.8,36.5,1.0,12.8,0.32,131342.0,50413.0,3720.0,2.832300406572155,7.379049054807292
522,7482.0,3.0,3.0,3.0,265000.0,9.2,66.8,1.0,15.2,0.1470588235294117,36363.0,31438.0,30.0,0.08250144377526607,0.09542591767924168
523,8132.0,3.0,4.0,4.0,342500.0,15.9,48.8,1.0,10.0,0.2142857142857142,33546.0,24234.0,1037.0,3.0912776486019196,4.279111991417017
524,8130.0,4.0,4.0,4.0,261000.0,22.1,66.5,1.0,15.8,0.081081081081081,133492.0,86399.0,-1436.0,-1.075719893326941,-1.6620562737994653
525,3024.0,2.0,3.0,2.0,296100.0,20.5,51.7,1.0,14.8,0.5454545454545454,13952.0,4036.0,97.0,0.6952408256880734,2.4033696729435086
526,8081.0,3.0,4.0,3.0,327305.0,12.9,47.8,1.0,17.6,0.0,71731.0,40643.0,1830.0,2.551198226708118,4.502620377432768
527,9832.0,3.0,3.0,3.0,306506.0,5.5,62.2,1.0,16.1,0.2222222222222222,156385.0,113914.0,5779.0,3.695367202736835,5.073125340168899
528,7624.0,3.0,3.0,2.0,270667.0,13.1,37.7,1.0,17.8,0.0833333333333333,17041.0,12101.0,428.0,2.5115896954404087,3.5368977770432193
529,8101.0,3.0,3.0,2.0,275533.0,7.8,63.0,1.0,16.0,0.2307692307692307,41721.0,18140.0,2171.0,5.2036144867093315,11.968026460859978
530,7453.0,3.0,5.0,4.0,248684.0,14.0,45.3,1.0,7.3,0.35,278093.0,200463.0,17892.0,6.433818902309659,8.9253378428937
531,8276.0,4.0,3.0,4.0,281990.0,11.6,70.9,1.0,17.7,0.3903743315508021,269920.0,156147.0,9965.0,3.6918346176644934,6.381806887099977
532,3192.0,3.0,3.0,3.0,246067.0,12.9,69.4,1.0,5.7,0.0,6484.0,2136.0,-223.0,-3.4392350400987044,-10.440074906367041
533,2702.0,3.0,3.0,4.0,349843.0,18.7,49.6,1.0,13.2,0.3661971830985915,147649.0,140044.0,4622.0,3.1303970903968192,3.300391305589672
534,9846.0,2.0,3.0,3.0,233433.0,3.7,44.1,1.0,17.6,0.5,42251.0,21243.0,981.0,2.3218385363660032,4.617991809066516
535,8219.0,4.0,4.0,3.0,238154.0,17.3,71.5,1.0,13.0,0.3035714285714285,232947.0,143726.0,1868.0,0.8018991444405809,1.2996952534684052
536,3099.0,4.0,5.0,5.0,310320.0,4.5,63.3,1.0,20.9,0.2043478260869565,743130.0,450193.0,10400.0,1.3994859580423344,2.3101203261712198
537,8233.0,4.0,4.0,4.0,286913.0,4.1,53.7,1.0,24.1,0.1168831168831168,812394.0,233154.0,6949.0,0.8553731317562661,2.9804335332012317
539,8252.0,4.0,5.0,5.0,303132.0,3.9,57.5,1.0,15.8,0.125,826510.0,229052.0,66649.0,8.06390727274927,29.09775946073381
540,9936.0,3.0,3.0,3.0,334354.0,28.5,44.1,1.0,10.5,0.375,88975.0,58703.0,8813.0,9.90502950266929,15.012861352912116
541,7522.0,5.0,3.0,3.0,281098.0,26.1,30.3,1.0,6.9,0.6785714285714286,52898.0,15786.0,-2602.0,-4.918900525539717,-16.48295958444191
542,8167.0,3.0,3.0,3.0,260355.0,14.0,45.1,1.0,15.0,0.4285714285714285,44898.0,40553.0,1403.0,3.1248607955810948,3.4596700614011295
543,7606.0,3.0,3.0,3.0,248762.0,7.6,58.5,1.0,7.8,0.3004484304932735,55283.0,29456.0,-684.0,-1.2372700468498454,-2.322107550244432
544,8190.0,3.0,3.0,3.0,239571.0,21.3,49.7,1.0,22.3,0.5263157894736842,38740.0,15951.0,773.0,1.9953536396489415,4.8460911541596134
545,9831.0,3.0,5.0,4.0,277411.0,10.9,48.0,1.0,13.8,0.4022988505747126,612606.0,253754.0,38919.0,6.353022987042242,15.337295175642552
546,9993.0,3.0,3.0,3.0,306011.0,5.1,34.2,2.0,18.4,0.1666666666666666,43348.0,26230.0,289.0,0.6666974254867584,1.1017918414029737
547,9946.0,3.0,3.0,3.0,276643.0,13.8,36.0,1.0,15.3,0.5348837209302325,93535.0,31502.0,-3184.0,-3.4040733415299083,-10.107294774934925
548,7506.0,2.0,2.0,3.0,255500.0,1.5,59.2,1.0,8.1,1.0,8938.0,5325.0,103.0,1.152383083463862,1.9342723004694835
549,2674.0,3.0,2.0,3.0,324164.0,11.2,42.7,1.0,9.5,0.4166666666666667,16778.0,13616.0,789.0,4.7025867207056855,5.794653349001175
550,7561.0,3.0,3.0,3.0,382500.0,15.0,48.2,1.0,9.4,0.5454545454545454,12982.0,10830.0,679.0,5.230318903096595,6.269621421975994
551,3397.0,4.0,4.0,4.0,372357.0,27.3,44.2,1.0,4.6,0.6898395721925134,128695.0,43214.0,3742.0,2.9076498698473134,8.659230804831768
552,3382.0,5.0,5.0,5.0,324588.0,16.8,57.4,1.0,17.1,0.2228637413394919,2561080.0,1421061.0,107109.0,4.182180954909648,7.537255613939163
553,3197.0,3.0,4.0,3.0,265300.0,17.0,77.4,1.0,15.7,0.375609756097561,263542.0,97198.0,-6311.0,-2.394684718185337,-6.4929319533323735
554,8227.0,3.0,4.0,3.0,342637.0,0.1,65.4,1.0,15.2,0.3291139240506329,474103.0,410756.0,35302.0,7.446061298916058,8.594396673450905
555,2730.0,3.0,4.0,3.0,241990.0,15.4,36.8,1.0,17.0,0.3025936599423631,370429.0,194484.0,12062.0,3.2562245396553724,6.202052611011703
556,3136.0,3.0,3.0,2.0,280000.0,10.0,45.8,1.0,9.5,0.1666666666666666,2862.0,497.0,105.0,3.668763102725367,21.12676056338028
557,8242.0,4.0,4.0,4.0,276172.0,6.6,46.3,1.0,17.0,0.1403508771929824,443437.0,198054.0,11585.0,2.6125469908916035,5.849414806062993
558,3141.0,3.0,3.0,3.0,256435.0,6.2,58.4,1.0,3.9,0.1854545454545454,111137.0,79047.0,8183.0,7.362984424629062,10.352069022227282
559,8273.0,3.0,3.0,3.0,326664.0,17.2,61.8,1.0,15.1,0.2191011235955056,407231.0,201520.0,19140.0,4.700035115204884,9.497816593886462
560,8267.0,5.0,5.0,5.0,296039.0,5.5,64.6,1.0,19.1,0.2783505154639175,1575684.0,653069.0,23384.0,1.4840539092863798,3.580632368095867
561,2685.0,3.0,4.0,4.0,274714.0,6.2,65.0,1.0,5.7,0.3177570093457944,78983.0,46973.0,4443.0,5.625261132142359,9.458625167649501
562,2678.0,4.0,4.0,4.0,375506.0,27.4,69.3,1.0,9.1,0.3125,168179.0,55950.0,8281.0,4.923920346773379,14.80071492403932
563,8255.0,4.0,3.0,3.0,311109.0,16.3,77.2,2.0,8.3,0.2337662337662337,32213.0,26347.0,2138.0,6.637071989569429,8.114775875811288
564,9627.0,3.0,4.0,4.0,329724.0,3.9,53.0,1.0,6.7,0.2702702702702703,140249.0,78237.0,4968.0,3.5422712461407926,6.349936730702864
566,8163.0,3.0,3.0,3.0,278333.0,15.9,46.1,1.0,16.7,0.2857142857142857,32053.0,14475.0,528.0,1.6472717062365458,3.6476683937823835
567,3086.0,5.0,5.0,5.0,307813.0,3.0,51.7,1.0,22.9,0.1555555555555555,641307.0,335241.0,14253.0,2.222492503590324,4.251568274763528
568,8473.0,3.0,3.0,3.0,458215.0,16.2,60.9,1.0,6.1,0.4,1278754.0,385297.0,36694.0,2.869512040627048,9.52356234281606
569,8424.0,4.0,5.0,4.0,316779.0,11.6,72.0,1.0,14.5,0.0571428571428571,2335729.0,258237.0,25652.0,1.098243845925619,9.93351068979271
570,8439.0,4.0,5.0,4.0,335770.0,10.2,72.7,1.0,17.1,0.0416666666666666,3029019.0,406547.0,20319.0,0.6708112428479319,4.9979461169311294
571,8566.0,5.0,4.0,5.0,281030.0,10.4,67.8,1.0,13.6,0.125,1170274.0,197781.0,12587.0,1.0755600825105915,6.364109798211152
572,7199.0,3.0,3.0,3.0,313071.0,20.2,66.8,1.0,6.2,0.3181818181818182,12635.0,5348.0,1423.0,11.262366442421843,26.60807778608826
573,7187.0,2.0,2.0,3.0,388750.0,24.6,63.4,1.0,6.0,0.2857142857142857,8711.0,2406.0,1358.0,15.589484559752037,56.442227763923526
574,8253.0,3.0,4.0,4.0,298694.0,9.3,72.4,1.0,13.6,0.1807909604519774,3444915.0,456739.0,21909.0,0.6359808587439748,4.796831450784802
575,8591.0,3.0,4.0,4.0,402048.0,23.5,71.4,1.0,17.3,0.0441176470588235,4987746.0,1180843.0,176157.0,3.5317957249627385,14.917901871798367
576,8585.0,4.0,4.0,5.0,284990.0,15.3,61.2,1.0,16.2,0.2760180995475113,3592389.0,181770.0,14797.0,0.4118986000680884,8.14050723441712
577,7191.0,2.0,2.0,2.0,303992.0,17.0,67.8,1.0,4.7,0.5,6325.0,4447.0,779.0,12.316205533596838,17.51742747919946
578,8570.0,3.0,4.0,4.0,273500.0,20.5,71.4,1.0,2.3,0.219047619047619,733686.0,217288.0,10474.0,1.4275861880968153,4.820330621111152
579,8572.0,3.0,5.0,4.0,288572.0,19.0,72.4,1.0,14.8,0.2654867256637168,1080514.0,461531.0,48082.0,4.449919205119046,10.417935089950621
580,8793.0,4.0,4.0,4.0,286525.0,22.0,61.2,1.0,13.2,0.0625,983328.0,95639.0,5892.0,0.5991896905203553,6.160666673637324
581,8931.0,3.0,3.0,3.0,298114.0,11.6,61.3,1.0,10.7,0.0,98302.0,26656.0,2337.0,2.377367703607251,8.767256902761105
582,3231.0,4.0,5.0,4.0,396685.0,12.1,60.5,1.0,15.4,0.0625,1585983.0,501130.0,235002.0,14.817434991421724,46.894418613932515
583,8892.0,3.0,3.0,3.0,414220.0,34.3,53.9,1.0,4.3,0.3636363636363636,233860.0,63206.0,6434.0,2.7512186778414436,10.179413346834162
584,8848.0,4.0,4.0,5.0,248312.0,11.4,90.5,1.0,10.5,0.4205298013245033,132842.0,2622.0,14251.0,10.727781876213847,543.5163996948894
585,8923.0,3.0,4.0,3.0,282250.0,26.7,55.3,1.0,5.8,0.1666666666666666,189896.0,65833.0,8687.0,4.574609259805367,13.195509850682788
586,3277.0,2.0,2.0,2.0,327857.0,9.7,73.8,1.0,7.9,0.5714285714285714,19674.0,10309.0,603.0,3.0649588289112533,5.849257929964109
587,8905.0,5.0,4.0,4.0,316904.0,10.2,55.8,1.0,7.6,0.1454545454545454,1315583.0,446616.0,25337.0,1.925914214458533,5.673106203091694
588,3491.0,3.0,3.0,3.0,549707.0,24.0,27.8,1.0,1.6,0.6,32389.0,21204.0,-375.0,-1.1578004878199388,-1.7685342388228635
589,2433.0,5.0,4.0,4.0,463900.0,22.7,31.0,1.0,12.3,0.074074074074074,483232.0,293246.0,33326.0,6.8964803655387055,11.36451989114941
590,4324.0,4.0,4.0,5.0,403000.0,12.5,47.0,1.0,14.2,0.0620689655172413,1177686.0,699150.0,122940.0,10.439115349931985,17.58420939712508
591,9708.0,3.0,3.0,3.0,298300.0,1.8,37.4,1.0,14.0,0.2407407407407407,57152.0,36681.0,-7957.0,-13.922522396416573,-21.692429323082795
592,9743.0,3.0,4.0,4.0,281985.0,22.3,52.6,1.0,15.3,0.024390243902439,47565.0,28382.0,1572.0,3.3049511195206565,5.538721725036995
593,9757.0,3.0,4.0,3.0,269250.0,6.0,56.1,1.0,9.4,0.0,17771.0,15420.0,2549.0,14.343593495019977,16.53047989623865
594,2179.0,3.0,3.0,2.0,231203.0,12.9,61.2,1.0,6.0,0.5454545454545454,8032.0,2795.0,271.0,3.374003984063745,9.695885509838998
595,4681.0,3.0,3.0,4.0,294672.0,10.4,45.1,1.0,8.7,0.4316239316239316,308679.0,75682.0,3871.0,1.2540535637344945,5.11482254697286
596,7065.0,3.0,3.0,3.0,327310.0,18.0,58.0,1.0,8.6,0.0,19153.0,7612.0,637.0,3.325849736333734,8.368365738307935
597,6183.0,3.0,5.0,5.0,268521.0,28.3,65.5,1.0,12.4,0.0689655172413793,126225.0,58330.0,2947.0,2.3347197464844522,5.052288702211555
598,2424.0,3.0,2.0,2.0,332187.0,10.8,12.7,1.0,4.7,0.1632653061224489,11764.0,2983.0,734.0,6.2393743624617475,24.60610124036205
599,2469.0,3.0,3.0,3.0,268388.0,7.3,34.1,1.0,14.5,0.1818181818181818,24329.0,6737.0,831.0,3.415676764355296,12.334867151551135
600,2168.0,3.0,5.0,4.0,327000.0,16.1,62.1,1.0,9.1,0.2362637362637362,89955.0,18758.0,1338.0,1.4874103718525928,7.132956605181789
601,9715.0,3.0,3.0,4.0,295260.0,17.6,55.9,1.0,8.8,0.3293233082706767,150522.0,76439.0,9249.0,6.144616733766493,12.099844320307698
602,2379.0,3.0,3.0,3.0,357094.0,23.1,44.9,1.0,4.0,0.3648648648648648,42959.0,32939.0,3610.0,8.403361344537815,10.959652691338535
603,4665.0,5.0,5.0,4.0,243514.0,5.3,69.4,1.0,15.4,0.125,179272.0,122310.0,7400.0,4.127805792315588,6.050200310685962
604,9793.0,4.0,3.0,3.0,312051.0,43.8,67.0,1.0,11.3,0.3333333333333333,76698.0,67251.0,6715.0,8.755117473728129,9.984981635960803
605,9625.0,3.0,3.0,3.0,395000.0,4.0,30.3,1.0,15.5,0.0,15718.0,9264.0,4636.0,29.49484667260466,50.04317789291882
606,4293.0,3.0,4.0,3.0,443050.0,18.0,60.7,1.0,4.8,0.2631578947368421,16192.0,11861.0,1029.0,6.354990118577075,8.675491105303095
607,6196.0,3.0,2.0,2.0,426671.0,5.8,52.9,2.0,2.6,0.2,12809.0,11247.0,2962.0,23.124365680380983,26.33591179870188
608,7081.0,3.0,3.0,3.0,270610.0,21.4,48.0,1.0,13.3,0.5185185185185185,12252.0,5489.0,1193.0,9.737185765589292,21.734377846602296
609,6547.0,3.0,4.0,3.0,284597.0,9.1,58.7,1.0,7.0,0.5806451612903226,25874.0,1320.0,-2196.0,-8.487284532735565,-166.36363636363635
610,2371.0,3.0,4.0,4.0,359558.0,23.2,63.0,1.0,5.2,0.1111111111111111,53324.0,45200.0,12845.0,24.088590503338082,28.418141592920353
611,9765.0,3.0,4.0,4.0,246543.0,29.2,63.2,1.0,15.3,0.1176470588235294,13800.0,9473.0,1071.0,7.760869565217392,11.30581653119392
612,2471.0,3.0,3.0,3.0,338550.0,9.4,56.9,1.0,3.4,0.5,7110.0,1716.0,378.0,5.3164556962025316,22.02797202797203
613,7087.0,3.0,3.0,3.0,283169.0,18.4,69.1,1.0,4.3,0.7647058823529411,8684.0,4689.0,212.0,2.4412713035467526,4.521219876306248
614,6200.0,2.0,2.0,2.0,290744.0,24.8,90.7,1.0,3.2,0.3870967741935484,8003.0,5526.0,1998.0,24.965637885792827,36.156351791530945
615,9619.0,3.0,2.0,2.0,332976.0,15.3,65.7,1.0,11.6,0.238095238095238,114302.0,20985.0,1537.0,1.344683382617977,7.324279247081249
616,9787.0,4.0,5.0,5.0,305025.0,9.5,67.3,1.0,11.8,0.1896551724137931,125006.0,89311.0,8434.0,6.746876149944803,9.443405627526284
617,2198.0,2.0,3.0,3.0,329476.0,11.0,52.8,2.0,5.5,0.3983739837398374,14404.0,7939.0,162.0,1.1246875867814496,2.040559264390981
618,6071.0,3.0,3.0,3.0,320634.0,10.0,74.1,1.0,4.0,0.4090909090909091,10514.0,6110.0,910.0,8.655126498002662,14.893617021276595
619,4544.0,4.0,5.0,5.0,250344.0,17.1,48.2,1.0,12.8,0.2777777777777778,173744.0,58744.0,5872.0,3.3796850538723637,9.995914476372054
620,2331.0,4.0,4.0,5.0,265704.0,36.0,53.1,1.0,17.4,0.4047058823529412,326625.0,241342.0,24571.0,7.522694221201684,10.180987975569938
621,7083.0,2.0,3.0,2.0,268390.0,3.0,46.9,1.0,3.0,0.0,3779.0,922.0,-167.0,-4.4191585075416775,-18.112798264642084
